country,country_name,year,data_confidence,gdp_growth,export_growth,net_fdi_pct_gdp,gross_capital_formation,secondary_school_enrolment,cpi_inflation,government_debt_pct_gdp,current_account_pct_gdp,external_debt_pct_gni,political_stability,rule_of_law,control_of_corruption,natural_resource_rents_pct_gdp,gdp_per_capita_growth,youth_unemployment,vulnerable_employment,regulatory_quality,gdp_growth_trend,fdi_trend,governance_trend,debt_trend,inflation_trend
AFG,AFG,2024,HIGH,0.4132,0.1445,0.4174,0.133,0.1711,0.6653,0.9229,0.018,0.8335,0.023,0.0449,0.118,0.7827,0.3337,0.4333,0.042,0.0593,0.5093,,0.0334,0.2943,0.9398
AGO,AGO,2024,HIGH,0.6265,0.4273,0.3902,0.0463,0.1083,0.3901,0.5179,0.8015,0.2968,0.3654,0.155,0.3093,0.0245,0.4473,0.1523,0.1134,0.21,0.9047,0.849,0.0781,0.9726,0.595
ALB,ALB,2024,HIGH,0.5903,0.3905,0.557,0.5991,0.8328,0.5845,0.5929,0.4391,0.6876,0.6484,0.5428,0.3898,0.7523,0.8259,0.1765,0.3354,0.5947,0.2436,0.3529,0.9182,0.9684,0.5817
ARE,ARE,2024,HIGH,0.585,0.5728,0.6,0.6898,0.7683,0.5873,0.8056,0.8979,0.5654,0.8926,0.7799,0.9131,0.1666,0.2603,0.7987,0.9176,0.9042,0.9376,0.8328,0.9166,0.625,0.0951
ARG,Argentina,2024,HIGH,0.1414,0.846,0.455,0.1486,0.8059,0.0374,0.2803,0.6151,0.6934,0.5595,0.4839,0.4302,0.7125,0.1954,0.3607,0.7252,0.4222,0.163,0.5704,0.8079,0.273,0.0145
ARM,ARM,2024,HIGH,0.7524,0.9278,0.4255,0.5344,0.615,0.5891,0.6488,0.3638,0.4257,0.3004,0.5322,0.6334,0.5419,0.6626,0.1539,0.5514,0.5957,0.957,0.3911,0.5287,0.8822,0.9398
AUS,AUS,2024,HIGH,0.3295,0.4888,0.4825,0.5631,0.9587,0.5822,0.6535,0.4641,0.4053,0.8935,0.9523,0.9721,0.2909,0.2712,0.7158,0.8682,0.9666,0.2126,0.5422,0.3863,0.6277,0.5608
AUT,AUT,2024,HIGH,0.1782,0.3302,0.4715,0.5194,0.7503,0.5844,0.3187,0.6831,0.3483,0.8228,0.9665,0.9289,0.7915,0.2308,0.6832,0.8783,0.9351,0.172,0.6192,0.4656,0.3393,0.5682
AZE,AZE,2024,HIGH,0.5928,0.2567,0.4211,0.3752,0.6177,0.5634,0.8724,0.8703,0.8492,0.5737,0.3822,0.2551,0.0247,0.6706,0.5729,0.2291,0.5943,0.4102,0.3935,0.9182,0.3022,0.6172
BDI,BDI,2024,MEDIUM,0.5968,0.7686,0.4383,0.623,0.0733,0.327,0.7171,0.0702,0.6182,0.1066,0.1265,0.0927,0.2705,0.4637,0.8908,0.0368,0.1975,0.6592,0.5442,0.7125,0.9509,0.0145
BEL,BEL,2024,HIGH,0.3031,0.3446,0.2876,0.573,0.9795,0.5671,0.1427,0.5203,0.3735,0.6921,0.9347,0.9467,0.7935,0.3606,0.4292,0.8519,0.9217,0.1952,0.3317,0.0579,0.5215,0.5908
BEN,BEN,2024,HIGH,0.8503,0.5051,0.4709,0.9418,0.0675,0.603,0.6101,0.2524,0.4199,0.4458,0.4132,0.4672,0.7244,0.7727,0.8683,0.0505,0.403,0.4466,0.8018,0.6657,0.1055,0.9031
BFA,BFA,2024,HIGH,0.6612,0.2854,0.4222,0.4232,0.029,0.5634,0.6243,0.2533,0.6021,0.0405,0.2336,0.462,0.1161,0.566,0.7962,0.0447,0.2974,0.1616,0.423,0.0334,0.2381,0.5963
BGD,Bangladesh,2024,HIGH,0.6075,0.0889,0.4205,0.8527,0.219,0.5264,0.7438,0.4893,0.8194,0.0915,0.2102,0.1614,0.7775,0.6142,0.7253,0.187,0.16,0.1604,0.3432,0.6644,0.1134,0.0145
BGR,BGR,2024,HIGH,0.525,0.4344,0.4846,0.3399,0.6724,0.5848,0.8595,0.5758,0.5374,0.6571,0.58,0.4675,0.7684,0.6613,0.6115,0.884,0.6614,0.1932,0.3929,0.8481,0.2949,0.5907
BHR,BHR,2024,HIGH,0.4464,0.4377,0.5438,0.7718,0.7275,0.5966,0.0429,0.7824,0.2895,0.5078,0.6639,0.6769,0.1911,0.5038,0.8211,0.9213,0.8715,0.6424,0.9413,0.9182,0.2622,0.4847
BIH,BIH,2024,HIGH,0.4832,0.3468,0.4905,0.7305,0.5664,0.5786,0.8011,0.3771,0.5982,0.3989,0.4539,0.352,0.7715,0.6773,0.141,0.7765,0.3706,0.1918,0.6274,0.6302,0.4341,0.5785
BLR,BLR,2024,HIGH,0.5868,0.4662,0.4654,0.6479,0.6725,0.5618,0.7062,0.4191,0.6278,0.4582,0.1413,0.3262,0.7389,0.7499,0.6795,0.8881,0.1008,0.3571,0.4269,0.0334,0.3099,0.8413
BLZ,BLZ,2024,HIGH,0.5368,0.5485,0.5046,0.3068,0.5437,0.5811,0.535,0.4857,0.6288,0.8919,0.4198,0.5025,0.78,0.521,0.3848,0.6099,0.3278,0.2165,0.3144,0.9182,0.9726,0.5648
BOL,BOL,2024,HIGH,0.1525,0.1155,0.4287,0.2229,0.6085,0.5243,0.2019,0.3447,0.7477,0.378,0.1335,0.1879,0.4409,0.1501,0.8277,0.1385,0.0971,0.2582,0.7489,0.5015,0.1006,0.0145
BRA,Brazil,2024,HIGH,0.5282,0.4611,0.4905,0.186,0.7909,0.5639,0.2631,0.4181,0.7768,0.3898,0.3987,0.3948,0.5048,0.6176,0.4923,0.6683,0.3952,0.549,0.4648,0.433,0.5157,0.6899
BTN,BTN,2024,HIGH,0.6459,0.9474,0.4217,0.9944,0.5392,0.5873,0.1256,0.0369,0.0903,0.9618,0.8565,0.947,0.7098,0.6995,0.4073,0.0932,0.4891,0.9702,0.5766,0.9182,0.4622,0.9398
BWA,BWA,2024,HIGH,0.0782,0.3737,0.4682,0.9527,0.2977,0.5873,0.8025,0.3247,0.8744,0.9305,0.7184,0.8027,0.7648,0.0704,0.0105,0.6783,0.7076,0.1608,0.9335,0.6088,0.1906,0.6423
CAF,CAF,2024,HIGH,0.3409,0.5362,0.447,0.5231,0.0117,0.5777,0.5382,0.1655,0.7209,0.0465,0.0651,0.1178,0.4084,0.1823,0.6974,0.0487,0.0949,0.168,0.8929,0.0764,0.1006,0.5861
CAN,CAN,2024,HIGH,0.3458,0.402,0.4773,0.4972,0.7928,0.5861,0.1117,0.5383,0.2895,0.8513,0.9516,0.9595,0.6276,0.2134,0.5829,0.8647,0.9364,0.2261,0.4149,0.2066,0.4218,0.593
CHE,CHE,2024,HIGH,0.3232,0.3805,0.1979,0.7071,0.7601,0.5955,0.7648,0.7896,0.5273,0.9237,0.9711,0.9786,0.7945,0.3232,0.7506,0.8649,0.9695,0.1618,0.9741,0.5582,0.4806,0.5181
CHL,CHL,2024,HIGH,0.4504,0.5665,0.4996,0.4996,0.8063,0.5662,0.7278,0.488,0.4488,0.6921,0.8334,0.9037,0.1843,0.5281,0.3015,0.7436,0.8314,0.1725,0.389,0.4595,0.1006,0.5933
CHN,China,2024,HIGH,0.677,0.4892,0.4164,0.9836,0.6813,0.6001,0.2542,0.6758,0.8694,0.5675,0.3436,0.6103,0.744,0.791,0.5163,0.5459,0.4985,0.1627,0.0483,0.4206,0.1006,0.6541
CIV,Cte d'Ivoire,2024,HIGH,0.7613,0.9077,0.4949,0.3635,0.2304,0.5846,0.5537,0.351,0.6014,0.2532,0.3441,0.4478,0.636,0.6611,0.8468,0.091,0.4537,0.5055,0.9741,0.7849,0.1006,0.6095
CMR,CMR,2024,HIGH,0.5388,0.2673,0.4514,0.2644,0.073,0.5623,0.7216,0.3961,0.7574,0.0773,0.1364,0.1344,0.6047,0.404,0.7939,0.1026,0.2241,0.4512,0.3854,0.6022,0.3749,0.0791
COD,COD,2024,HIGH,0.769,0.2073,0.5068,0.8994,0.1362,0.511,0.8798,0.3556,0.8427,0.0271,0.0753,0.0851,0.0056,0.5924,0.7587,0.0419,0.0922,0.6033,0.4849,0.6382,0.3896,0.4669
COG,COG,2024,HIGH,0.444,0.3751,0.5007,0.7001,0.2116,0.5528,0.199,0.6318,0.6398,0.5164,0.1529,0.0986,0.0068,0.3375,0.0214,0.0611,0.1154,0.9702,0.9741,0.8981,0.363,0.0145
COL,Colombia,2024,HIGH,0.3498,0.4553,0.4877,0.1803,0.7618,0.5609,0.5314,0.4722,0.5977,0.209,0.3515,0.4441,0.6128,0.3712,0.3543,0.3874,0.5382,0.1738,0.4666,0.2959,0.4501,0.2758
CRI,CRI,2024,HIGH,0.6168,0.5429,0.5397,0.1436,0.923,0.5941,0.5483,0.4941,0.5714,0.9467,0.8143,0.8157,0.773,0.6927,0.318,0.7087,0.7724,0.4726,0.7429,0.6689,0.6567,0.6446
CYP,CYP,2024,HIGH,0.58,0.5513,0.0,0.3531,0.8176,0.5766,0.4858,0.2365,0.585,0.7905,0.8329,0.7737,0.7944,0.5485,0.5983,0.8767,0.8203,0.1744,0.9741,0.5786,0.9726,0.5244
CZE,CZE,2024,HIGH,0.3171,0.4278,0.4989,0.6727,0.7118,0.5787,0.7188,0.6521,0.5742,0.9225,0.9237,0.8734,0.7837,0.4038,0.7222,0.8289,0.9201,0.2644,0.3909,0.7823,0.1486,0.5928
DEU,DEU,2024,HIGH,0.188,0.3357,0.4368,0.3985,0.7457,0.5815,0.5025,0.8118,0.257,0.6933,0.9634,0.9681,0.7926,0.2601,0.7943,0.9018,0.95,0.1628,0.0483,0.6592,0.5024,0.5788
DJI,DJI,2024,HIGH,0.8244,0.1813,0.4507,0.0044,0.6537,0.5917,0.7976,0.9925,0.2614,0.3732,0.1957,0.2183,0.787,0.8183,0.0001,0.604,0.1862,0.9702,0.0483,0.7177,0.7205,0.5372
DNK,DNK,2024,HIGH,0.5341,0.5789,0.5111,0.4976,0.939,0.5864,0.8327,0.9522,0.5026,0.8888,0.981,0.9869,0.7853,0.6135,0.6368,0.8943,0.9772,0.1751,0.5209,0.7049,0.9246,0.5933
DOM,DOM,2024,HIGH,0.6749,0.5966,0.4953,0.7076,0.3814,0.5752,0.5588,0.3915,0.6356,0.849,0.5146,0.4564,0.732,0.7133,0.5977,0.471,0.6266,0.2362,0.518,0.9182,0.6848,0.9398
DZA,DZA,2024,HIGH,0.5563,0.3276,0.4243,0.9853,0.8017,0.5779,0.6891,0.4932,0.9108,0.3127,0.2982,0.3204,0.08,0.5448,0.1002,0.6771,0.2164,0.9072,0.3825,0.8095,0.3056,0.5962
ECU,ECU,2024,HIGH,0.1122,0.4348,0.4221,0.2455,0.6434,0.5964,0.5994,0.8146,0.5923,0.3013,0.2087,0.2549,0.5567,0.132,0.7409,0.2797,0.2522,0.1705,0.192,0.0334,0.7122,0.5718
EGY,Egypt,2024,HIGH,0.4262,0.1658,0.6776,0.082,0.5172,0.3902,0.233,0.2934,0.6671,0.2068,0.2783,0.2381,0.6201,0.3832,0.4312,0.7018,0.3077,0.1604,0.9741,0.7752,0.1907,0.0145
ERI,ERI,2024,LOW,0.3158,0.7278,0.4736,0.1202,0.0695,0.558,0.0002,0.9518,0.1224,0.3064,0.0562,0.0703,0.2156,0.2846,0.6953,0.3093,0.0242,,,0.0553,,
ESP,ESP,2024,HIGH,0.5318,0.4717,0.4698,0.3802,0.9064,0.5791,0.1577,0.7098,0.3735,0.6379,0.8847,0.8249,0.7915,0.5592,0.1545,0.8594,0.785,0.8108,0.3339,0.6196,0.9416,0.5643
EST,EST,2024,HIGH,0.2142,0.3495,0.255,0.5764,0.8344,0.5709,0.8581,0.5058,0.4659,0.8747,0.9536,0.962,0.7435,0.3033,0.3598,0.8838,0.9402,0.1604,0.0483,0.6634,0.1872,0.5928
ETH,Ethiopia,2024,HIGH,0.8583,0.7647,0.4745,0.3476,0.0371,0.4387,0.8043,0.3496,0.8068,0.0422,0.1852,0.3826,0.5909,0.7746,0.8215,0.035,0.1918,0.3214,0.3807,0.0436,0.972,0.5933
FIN,FIN,2024,HIGH,0.2505,0.434,0.48,0.4433,0.9787,0.5887,0.3061,0.5803,0.474,0.9006,0.9815,0.9845,0.7822,0.3044,0.3802,0.866,0.9785,0.1646,0.3911,0.4058,0.1446,0.593
FRA,FRA,2024,HIGH,0.3134,0.4547,0.451,0.3993,0.787,0.5876,0.1018,0.585,0.2895,0.5247,0.8929,0.9196,0.7938,0.4109,0.383,0.8729,0.9074,0.2712,0.3899,0.0999,0.3265,0.5457
GAB,GAB,2024,HIGH,0.5257,0.5353,0.5379,0.2751,0.2927,0.5937,0.3982,0.7695,0.7201,0.5073,0.1583,0.2048,0.1475,0.4369,0.0403,0.6121,0.2258,0.886,0.0483,0.0334,0.4111,0.594
GBR,GBR,2024,HIGH,0.3079,0.4047,0.4065,0.2744,0.8643,0.5816,0.1612,0.3904,0.3735,0.7459,0.9333,0.9502,0.7781,0.329,0.5439,0.8478,0.9512,0.2629,0.0483,0.3222,0.4543,0.5882
GEO,GEO,2024,HIGH,0.933,0.535,0.52,0.5733,0.7544,0.5864,0.7764,0.3394,0.2959,0.3478,0.6563,0.7237,0.754,0.9668,0.1005,0.3904,0.7942,0.9698,0.4041,0.1946,0.9587,0.9043
GHA,Ghana,2024,HIGH,0.7285,0.6296,0.4622,0.0424,0.3715,0.4175,0.4294,0.6445,0.6203,0.6444,0.6173,0.488,0.2912,0.6756,0.8238,0.1611,0.4898,0.47,0.221,0.5814,0.2985,0.0403
GIN,GIN,2024,HIGH,0.7089,0.5084,0.5408,0.8896,0.0729,0.5517,0.6733,0.023,0.8136,0.1882,0.1601,0.145,0.6443,0.6036,0.7825,0.0487,0.1753,0.1665,0.9741,0.5288,0.2991,0.9398
GMB,GMB,2024,HIGH,0.7254,0.8104,0.6301,0.8288,0.8203,0.5227,0.4031,0.2857,0.4219,0.631,0.4211,0.4266,0.7055,0.6341,0.6698,0.1308,0.246,0.7238,0.1359,0.6222,0.8169,0.0145
GNB,GNB,2024,HIGH,0.6001,0.0344,0.441,0.5968,0.1185,0.5571,0.3084,0.1737,0.4143,0.3452,0.1404,0.1114,0.4016,0.506,0.8728,0.0646,0.1082,0.2011,0.3924,0.4558,0.1836,0.4923
GRC,GRC,2024,HIGH,0.3957,0.413,0.4732,0.2373,0.802,0.5782,0.0207,0.2326,0.0675,0.6996,0.7134,0.6942,0.7923,0.5295,0.2589,0.7122,0.7369,0.3418,0.3937,0.1945,0.9726,0.2264
GTM,Guatemala,2024,HIGH,0.5515,0.4461,0.4507,0.1756,0.0968,0.5876,0.8419,0.6946,0.8069,0.5401,0.2096,0.2015,0.7368,0.5253,0.8392,0.5016,0.3885,0.194,0.3709,0.668,0.5512,0.6747
GUY,GUY,2024,MEDIUM,1.0,0.5041,0.9447,0.8353,0.6225,0.5784,0.8545,0.9956,0.8171,0.7303,0.4473,0.4211,0.0133,1.0,0.1959,0.6761,0.3289,0.1788,0.3804,0.7999,0.9726,0.5933
HND,Honduras,2024,HIGH,0.5417,0.2721,0.4936,0.4556,0.1101,0.5712,0.7222,0.3289,0.6686,0.3683,0.1533,0.1303,0.7591,0.5008,0.7488,0.5403,0.2587,0.2919,0.9145,0.5424,0.8058,0.5934
HRV,HRV,2024,HIGH,0.5688,0.4288,0.5243,0.568,0.8002,0.5664,0.5713,0.5001,0.4234,0.847,0.7413,0.6351,0.7754,0.6776,0.4617,0.8867,0.6605,0.2737,0.393,0.6808,0.9726,0.3741
HTI,HTI,2024,HIGH,0.0501,0.0191,0.416,0.0417,0.2553,0.3874,0.8989,0.536,0.9072,0.144,0.0782,0.0818,0.7856,0.0538,0.0376,0.0612,0.0677,0.1604,0.3615,0.0334,0.3347,0.0513
HUN,HUN,2024,HIGH,0.2616,0.3651,0.0528,0.5125,0.8234,0.5657,0.3977,0.6742,0.3388,0.8065,0.6735,0.5895,0.7835,0.4062,0.5146,0.8773,0.6809,0.1607,0.0483,0.1041,0.5122,0.5929
IDN,Indonesia,2024,HIGH,0.6817,0.563,0.4531,0.8722,0.7278,0.5886,0.7433,0.5318,0.7597,0.3494,0.5038,0.3393,0.6194,0.7223,0.5903,0.2776,0.5897,0.9299,0.3763,0.6651,0.2957,0.5926
IND,India,2024,HIGH,0.7943,0.5584,0.4296,0.907,0.4085,0.571,0.3179,0.5235,0.8409,0.2753,0.5775,0.4434,0.6948,0.8192,0.4896,0.0788,0.4869,0.8894,0.0523,0.8211,0.539,0.7464
IRL,IRL,2024,HIGH,0.446,0.6171,0.4318,0.2354,0.9551,0.5928,0.7353,0.9793,0.561,0.8769,0.9612,0.9552,0.7919,0.418,0.6828,0.8639,0.9707,0.1604,0.0483,0.8212,0.8857,0.5919
IRN,IRN,2024,HIGH,0.5526,0.5492,0.421,0.9931,0.5224,0.3146,0.7706,0.6973,0.9124,0.074,0.1404,0.151,0.0227,0.5764,0.2914,0.4433,0.0622,0.1604,0.3438,0.0334,0.7448,0.9398
IRQ,IRQ,2024,HIGH,0.1318,0.3839,0.3554,0.7638,0.7469,0.5804,0.7195,0.6632,0.8981,0.0301,0.116,0.1384,0.0026,0.1,0.0776,0.6568,0.1407,0.5045,0.215,0.8168,0.9562,0.6509
ISL,ISL,2024,HIGH,0.1606,0.3294,0.6056,0.6626,0.8377,0.5646,0.5557,0.4328,0.2795,0.9495,0.9635,0.971,0.7947,0.2289,0.7349,0.8738,0.9327,0.227,0.9741,0.445,0.9565,0.4907
ISR,ISR,2024,HIGH,0.2865,0.2705,0.4756,0.5106,0.7241,0.576,0.4582,0.7146,0.257,0.1883,0.8096,0.8574,0.7824,0.2901,0.805,0.8788,0.9022,0.1604,0.0483,0.0334,0.3385,0.1246
ITA,ITA,2024,HIGH,0.272,0.3888,0.4394,0.4606,0.751,0.5899,0.0406,0.6218,0.2895,0.7644,0.8149,0.78,0.7916,0.3935,0.3258,0.8204,0.7911,0.2134,0.6128,0.8421,0.9315,0.5933
JAM,JAM,2024,MEDIUM,0.1856,0.4184,0.4451,0.5141,0.5112,0.5628,0.4439,0.6153,0.328,0.8185,0.5607,0.5307,0.7819,0.2804,0.6847,0.5822,0.5742,0.2603,0.3874,0.6979,0.9726,0.5944
JOR,JOR,2024,HIGH,0.435,0.4808,0.4831,0.6118,0.6274,0.601,0.1958,0.2794,0.2142,0.4715,0.6641,0.6838,0.7926,0.4661,0.0268,0.8772,0.6563,0.3077,0.8543,0.8055,0.2275,0.5933
JPN,JPN,2024,HIGH,0.2277,0.4171,0.4231,0.6661,0.7613,0.5784,0.0005,0.7799,0.0844,0.9424,0.9555,0.9359,0.7934,0.3739,0.853,0.88,0.9326,0.2638,0.2202,0.6586,0.9726,0.0145
KAZ,Kazakhstan,2024,HIGH,0.679,0.3954,0.4293,0.7179,0.7061,0.535,0.8515,0.4969,0.4603,0.5045,0.4266,0.5435,0.0408,0.6784,0.8551,0.6902,0.5539,0.9339,0.0483,0.7739,0.3303,0.5845
KEN,Kenya,2024,HIGH,0.6544,0.5893,0.4227,0.1788,0.5088,0.5779,0.4836,0.3734,0.728,0.1106,0.391,0.2462,0.759,0.5879,0.4998,0.1301,0.3778,0.2767,0.4349,0.8078,0.2953,0.6762
KGZ,KGZ,2024,HIGH,0.9149,0.8849,0.5052,0.8234,0.6211,0.5524,0.7721,0.0019,0.3931,0.3973,0.2174,0.1534,0.3589,0.8981,0.7454,0.6182,0.3008,0.9702,0.9741,0.1019,0.9726,0.9367
KHM,KHM,2024,HIGH,0.758,0.7537,0.6263,0.8915,0.1636,0.5774,0.841,0.4763,0.6281,0.695,0.1832,0.1327,0.7709,0.7614,0.9046,0.2471,0.2575,0.9702,0.2872,0.9142,0.2771,0.6081
KOR,KOR,2024,HIGH,0.3877,0.5716,0.4294,0.8299,0.6932,0.5859,0.6263,0.7975,0.5314,0.8612,0.9143,0.8566,0.7934,0.5113,0.7985,0.7835,0.8843,0.1658,0.3915,0.6628,0.105,0.5764
KWT,KWT,2024,HIGH,0.0916,0.451,0.4227,0.2138,0.6811,0.5794,0.9378,0.9984,0.7245,0.7592,0.6883,0.663,0.0274,0.1069,0.5125,0.9136,0.7082,0.1604,0.696,0.8674,0.577,0.6173
LAO,LAO,2024,HIGH,0.5985,0.6646,0.5495,0.7953,0.1106,0.4708,0.192,0.7235,0.0873,0.8409,0.2815,0.1927,0.6104,0.5909,0.8834,0.0587,0.2559,0.845,0.6262,0.7381,0.1152,0.0145
LBN,LBN,2024,HIGH,0.1723,0.3588,0.4876,0.0065,0.2134,0.4612,0.0116,0.0277,0.0,0.1042,0.1756,0.1189,0.7946,0.2238,0.2483,0.7649,0.1578,0.9702,0.1415,0.098,0.4639,0.9398
LBR,LBR,2024,MEDIUM,0.588,0.6981,0.6344,0.6112,0.0472,0.5188,0.584,0.0154,0.5852,0.531,0.2387,0.1749,0.0887,0.4986,0.8828,0.0568,0.1893,0.6828,0.9741,0.6135,0.2952,0.5933
LBY,LBY,2024,MEDIUM,0.3779,0.2296,0.4546,0.1076,0.4569,0.5832,0.6401,0.8474,0.7891,0.0413,0.0669,0.0829,0.0001,0.4045,0.0047,0.7305,0.0414,0.6145,0.4113,0.5365,,0.7229
LKA,Sri Lanka,2024,HIGH,0.6798,0.7122,0.4313,0.7057,0.5678,0.6117,0.1723,0.6525,0.4986,0.4714,0.4811,0.405,0.7924,0.8214,0.3666,0.4505,0.3931,0.2914,0.4127,0.5223,0.2813,0.6419
LSO,LSO,2024,HIGH,0.4715,0.1035,0.4021,0.7183,0.1688,0.5681,0.5483,0.589,0.4321,0.5162,0.4157,0.4403,0.652,0.4896,0.1959,0.5637,0.3136,0.9659,0.1002,0.6186,0.2229,0.7829
LTU,LTU,2024,HIGH,0.4633,0.4427,0.5393,0.3389,0.7985,0.5864,0.7596,0.6854,0.5273,0.9178,0.9439,0.8849,0.7868,0.5366,0.5675,0.8571,0.928,0.1604,0.3267,0.9182,0.6194,0.6033
LUX,LUX,2024,HIGH,0.2462,0.1435,1.0,0.1487,0.8348,0.588,0.8448,0.9589,0.4309,0.9355,0.971,0.979,0.7946,0.2272,0.2795,0.885,0.973,0.1604,0.9543,0.6437,0.2494,0.5921
LVA,LVA,2024,HIGH,0.2172,0.3904,0.4922,0.3648,0.7579,0.575,0.6779,0.4547,0.4053,0.8566,0.9106,0.8513,0.7609,0.408,0.5703,0.8719,0.8999,0.1604,0.3465,0.9182,0.2599,0.5933
MAR,Morocco,2024,HIGH,0.5655,0.6034,0.4369,0.8332,0.6,0.5953,0.4346,0.489,0.6415,0.4275,0.4326,0.3496,0.7838,0.5958,0.259,0.5101,0.5195,0.5424,0.3544,0.6666,0.316,0.589
MDA,MDA,2024,HIGH,0.2276,0.2679,0.4707,0.3779,0.7344,0.5475,0.7603,0.0425,0.5167,0.474,0.5239,0.445,0.7882,0.5603,0.8418,0.1787,0.5101,0.1617,0.4114,0.9182,0.2843,0.5919
MDG,MDG,2024,HIGH,0.6052,0.4345,0.4925,0.44,0.0376,0.5349,0.6477,0.2969,0.6921,0.4086,0.2339,0.1847,0.6045,0.4876,0.8213,0.0347,0.2177,0.9507,0.6926,0.6418,0.2953,0.067
MEX,Mexico,2024,HIGH,0.3343,0.4764,0.4691,0.5514,0.7793,0.5686,0.5628,0.548,0.7449,0.3036,0.1587,0.2036,0.6773,0.3755,0.8145,0.6836,0.4403,0.5064,0.2907,0.1015,0.2992,0.5936
MKD,MKD,2024,HIGH,0.4854,0.2913,0.555,0.8496,0.6014,0.5679,0.6016,0.4444,0.2833,0.7063,0.4956,0.4287,0.7909,0.6354,0.1183,0.839,0.6522,0.5936,0.9736,0.4213,0.2686,0.5908
MLI,MLI,2024,HIGH,0.6784,0.3471,0.4916,0.2934,0.0508,0.5652,0.6331,0.2647,0.8024,0.0133,0.1733,0.1925,0.1491,0.5135,0.8547,0.06,0.2133,0.9594,0.5881,0.0334,0.2118,0.5943
MLT,MLT,2024,HIGH,0.8136,0.5544,1.0,0.2674,0.7786,0.5865,0.666,0.8229,0.3411,0.8956,0.8421,0.6818,0.7947,0.6886,0.7247,0.8594,0.7412,0.4297,0.0483,0.039,0.301,0.5304
MMR,MMR,2024,MEDIUM,0.1605,0.9247,0.4472,0.6613,0.3915,0.3865,0.5312,0.5027,0.8583,0.0286,0.0554,0.1287,0.4738,0.1983,0.6982,0.1389,0.073,0.9702,0.1973,0.0334,0.1143,0.0145
MNE,MNE,2024,HIGH,0.5026,0.2914,0.5776,0.6503,0.6592,0.5845,0.5163,0.0324,0.1124,0.7725,0.6692,0.5468,0.7767,0.6331,0.2156,0.8182,0.5908,0.7047,0.0483,0.7382,0.9726,0.5741
MNG,Mongolia,2024,HIGH,0.6896,0.4071,0.672,0.9477,0.701,0.5315,0.7063,0.1562,0.0061,0.8015,0.551,0.3629,0.0146,0.6923,0.6454,0.4604,0.4988,0.9702,0.1506,0.8411,0.9726,0.5098
MOZ,Mozambique,2024,HIGH,0.4017,0.3039,0.7421,0.2114,0.0457,0.5691,0.1908,0.1023,0.0,0.0535,0.1492,0.1713,0.2402,0.2584,0.6469,0.0365,0.2129,0.4858,0.0483,0.1513,0.9427,0.6196
MRT,MRT,2024,HIGH,0.7817,0.7011,0.7016,0.9907,0.0424,0.5778,0.7011,0.2791,0.6685,0.3718,0.2401,0.2057,0.3612,0.6444,0.24,0.2341,0.2084,0.9702,0.3911,0.4122,0.8272,0.5952
MUS,MUS,2024,HIGH,0.6724,0.4449,0.5171,0.3823,0.6116,0.5787,0.3029,0.2493,0.0649,0.8929,0.8201,0.7092,0.7946,0.795,0.461,0.8121,0.8694,0.9702,0.9741,0.0351,0.2852,0.5986
MWI,MWI,2024,HIGH,0.3567,0.8792,0.4653,0.1125,0.044,0.3856,0.3878,0.0132,0.7259,0.4568,0.5305,0.2996,0.6557,0.249,0.7871,0.1647,0.2746,0.1604,0.4008,0.9182,0.1006,0.0145
MYS,Malaysia,2024,HIGH,0.6882,0.6103,0.4974,0.4244,0.4432,0.5866,0.4307,0.6495,0.4523,0.7902,0.7301,0.7631,0.5475,0.6931,0.6203,0.7308,0.8034,0.8955,0.3967,0.6688,0.2721,0.3629
NAM,NAM,2024,HIGH,0.5574,0.3897,0.7251,0.6359,0.4704,0.5748,0.4602,0.0491,0.3998,0.838,0.7241,0.626,0.6629,0.4598,0.035,0.6061,0.5943,0.9702,0.9741,0.8968,0.2878,0.5537
NER,NER,2024,HIGH,0.947,0.9564,0.4545,0.4301,0.0152,0.5654,0.6798,0.2895,0.7849,0.0529,0.2145,0.3114,0.5687,0.8799,0.9087,0.0362,0.2133,0.3795,0.3912,0.0334,0.2896,0.3102
NGA,Nigeria,2024,MEDIUM,0.5919,0.4697,0.4237,0.2324,0.0826,0.3378,0.622,0.8982,0.4867,0.0338,0.1967,0.1585,0.4791,0.5102,0.8295,0.11,0.2568,0.9702,0.391,0.2611,0.1006,0.0145
NIC,NIC,2024,HIGH,0.5451,0.2703,0.5691,0.5844,0.2915,0.5791,0.7522,0.7557,0.2696,0.6073,0.0762,0.0972,0.67,0.539,0.7104,0.4549,0.1499,0.1737,0.3944,0.0334,0.7646,0.5956
NLD,NLD,2024,HIGH,0.304,0.3836,0.3836,0.3007,0.971,0.57,0.7166,0.9125,0.6064,0.8039,0.9682,0.9748,0.7852,0.3632,0.7349,0.8304,0.9666,0.1627,0.7387,0.1829,0.7687,0.5931
NOR,NOR,2024,HIGH,0.3967,0.5285,0.4705,0.5521,0.8929,0.5839,0.7212,0.9792,0.4995,0.9123,0.9791,0.9769,0.417,0.4313,0.6246,0.9026,0.9633,0.1682,0.6898,0.308,0.2976,0.5921
NPL,NPL,2024,HIGH,0.5528,0.6967,0.4171,0.8436,0.6064,0.5735,0.673,0.7433,0.8131,0.4401,0.4607,0.3055,0.7807,0.6921,0.3128,0.0563,0.2869,0.3099,0.3116,0.8656,0.165,0.5926
NZL,NZL,2024,HIGH,0.322,0.477,0.4292,0.4569,0.8796,0.5837,0.6401,0.2681,0.2795,0.9441,0.9659,0.9756,0.7507,0.2908,0.5544,0.8377,0.9733,0.1604,0.2707,0.2763,0.1428,0.5933
OMN,OMN,2024,HIGH,0.3529,0.6317,0.6709,0.5932,0.6772,0.5954,0.7809,0.6719,0.4659,0.8583,0.765,0.7659,0.0278,0.1321,0.5737,0.9052,0.8054,0.2333,0.9741,0.9182,0.9726,0.5933
PAK,Pakistan,2024,HIGH,0.491,0.3538,0.4301,0.0851,0.0897,0.5042,0.4341,0.5412,0.7228,0.0301,0.1939,0.1703,0.7526,0.4686,0.7123,0.2091,0.2039,0.161,0.3911,0.0334,0.4617,0.0145
PAN,PAN,2024,HIGH,0.4608,0.431,0.4986,0.9186,0.385,0.6018,0.5825,0.5193,0.6251,0.7485,0.4785,0.3356,0.6765,0.4636,0.345,0.4749,0.4973,0.598,0.9741,0.6566,0.3535,0.5794
PER,Peru,2024,HIGH,0.5166,0.532,0.4669,0.2887,0.8321,0.5856,0.801,0.6726,0.7343,0.3295,0.3737,0.2738,0.3133,0.5368,0.7065,0.3122,0.5705,0.2325,0.4174,0.622,0.3901,0.6128
PHL,Philippines,2024,HIGH,0.7365,0.4759,0.4598,0.5257,0.5248,0.5786,0.5777,0.3692,0.7936,0.2798,0.3458,0.3268,0.7354,0.7714,0.7852,0.5438,0.5689,0.9702,0.3845,0.8442,0.222,0.5933
PNG,PNG,2024,MEDIUM,0.5662,0.5962,0.4005,0.3957,0.1122,0.5953,0.6136,0.9648,0.668,0.3297,0.3468,0.2477,0.0374,0.5152,0.8558,0.0825,0.2688,0.9671,0.3815,0.8998,0.2227,0.9398
POL,POL,2024,HIGH,0.4889,0.4405,0.4645,0.2171,0.8284,0.5649,0.5968,0.5717,0.464,0.8248,0.8033,0.8442,0.765,0.654,0.6754,0.814,0.8049,0.165,0.3355,0.6987,0.303,0.5915
PRT,PRT,2024,HIGH,0.4008,0.4706,0.5113,0.3366,0.9159,0.577,0.2027,0.6708,0.3735,0.8354,0.9078,0.8511,0.7866,0.4209,0.2771,0.8634,0.8205,0.553,0.7941,0.159,0.9726,0.52
PRY,PRY,2024,HIGH,0.61,0.3469,0.4696,0.4758,0.4248,0.5719,0.6981,0.362,0.3882,0.6052,0.3419,0.1807,0.7553,0.6147,0.5785,0.5006,0.4657,0.6241,0.9116,0.1043,0.1006,0.5933
QAT,QAT,2024,HIGH,0.4223,0.3484,0.4189,0.851,0.7373,0.6125,0.7377,0.9796,0.5927,0.9195,0.8069,0.8349,0.038,0.0628,0.9063,0.9233,0.8749,0.6217,0.8575,0.9182,0.9726,0.594
ROU,ROU,2024,HIGH,0.2902,0.3253,0.456,0.6016,0.4651,0.5542,0.5757,0.1862,0.4371,0.7075,0.7391,0.5837,0.7616,0.4148,0.224,0.8326,0.7004,0.1834,0.3899,0.2823,0.1254,0.5432
RUS,RUS,2024,HIGH,0.619,0.1221,0.4048,0.6724,0.6385,0.5279,0.8751,0.7036,0.8507,0.2318,0.1581,0.2182,0.1471,0.7519,0.7501,0.8978,0.1324,0.431,0.2076,0.0334,0.266,0.2049
RWA,Rwanda,2024,HIGH,0.9101,0.784,0.5048,0.6521,0.0924,0.549,0.4652,0.0833,0.1892,0.6192,0.6365,0.8011,0.6634,0.8731,0.4589,0.4421,0.6536,0.8776,0.9741,0.9182,0.308,0.4937
SAU,SAU,2024,HIGH,0.3871,0.4415,0.4527,0.8385,0.8527,0.5983,0.8207,0.5375,0.6892,0.6172,0.6805,0.8344,0.0501,0.1426,0.6467,0.917,0.812,0.1677,0.4265,0.9182,0.3004,0.9398
SDN,SDN,2024,HIGH,0.001,0.0234,0.4448,0.0082,0.0674,0.0136,0.0001,0.3834,0.635,0.0324,0.059,0.0795,0.3124,0.0013,0.6292,0.445,0.0475,0.1604,0.0853,0.0334,0.258,0.9398
SEN,Senegal,2024,HIGH,0.7643,0.7145,0.553,0.9662,0.0696,0.5986,0.0995,0.0925,0.0217,0.531,0.5046,0.6204,0.6488,0.6754,0.8542,0.1352,0.4192,0.3296,0.404,0.2836,0.1006,0.6694
SGP,SGP,2024,HIGH,0.6232,0.5341,0.8698,0.4386,0.7792,0.5892,0.0074,0.9809,0.057,0.9519,0.9491,0.9772,0.7947,0.5515,0.801,0.8663,0.9843,0.2013,0.3763,0.5823,0.1006,0.577
SLE,SLE,2024,HIGH,0.6142,1.0,0.4532,0.3412,0.551,0.4948,0.7187,0.2922,0.7586,0.4231,0.2483,0.2802,0.4588,0.529,0.8612,0.031,0.1344,0.4838,0.4037,0.1002,0.2968,0.0158
SLV,SLV,2024,HIGH,0.4462,0.7038,0.4728,0.3354,0.1959,0.5981,0.2605,0.4922,0.3342,0.642,0.2921,0.3268,0.7797,0.5327,0.7709,0.5904,0.4494,0.2301,0.3984,0.6708,0.4396,0.6222
SOM,SOM,2024,HIGH,0.5967,0.9845,0.5585,0.6953,0.0052,0.5582,0.6043,0.1577,0.8601,0.0206,0.0283,0.0546,0.3695,0.3746,0.055,0.3404,0.0423,0.9078,0.3976,0.6689,,0.4224
SRB,SRB,2024,HIGH,0.5809,0.5272,0.5542,0.6033,0.5978,0.5681,0.7052,0.256,0.4639,0.5601,0.5067,0.333,0.7427,0.7498,0.2869,0.7014,0.5684,0.1877,0.3708,0.5544,0.7753,0.5557
SSD,SSD,2024,HIGH,0.0037,0.0021,0.4142,0.0159,0.9244,0.0018,0.607,0.6244,0.8213,0.0873,0.0422,0.0342,0.3015,0.0091,0.3858,0.0463,0.0293,,,0.5521,0.285,0.0145
SUR,SUR,2024,MEDIUM,0.3611,0.4855,0.3956,0.4551,0.3775,0.5234,0.2637,0.4181,0.0514,0.8189,0.5029,0.4083,0.4357,0.4018,0.1912,0.7738,0.1681,0.9702,0.3924,0.6578,0.9726,0.9398
SVK,SVK,2024,HIGH,0.3816,0.3882,0.4942,0.324,0.6491,0.5761,0.5673,0.4202,0.4236,0.86,0.7988,0.6195,0.7885,0.5213,0.369,0.8458,0.7087,0.1902,0.7347,0.6634,0.3156,0.5768
SVN,SVN,2024,HIGH,0.3621,0.4496,0.4716,0.4004,0.826,0.5864,0.4675,0.7673,0.3388,0.8792,0.8929,0.8145,0.7895,0.458,0.663,0.8552,0.836,0.1739,0.4074,0.7897,0.8455,0.5532
SWE,SWE,2024,HIGH,0.2823,0.4394,0.5152,0.6218,0.9588,0.5872,0.8019,0.8604,0.4642,0.8526,0.9692,0.9771,0.7596,0.3704,0.2058,0.8849,0.9634,0.1604,0.369,0.2582,0.6225,0.5913
SWZ,SWZ,2024,HIGH,0.4835,0.7514,0.4489,0.1246,0.4715,0.5712,0.7739,0.6441,0.7832,0.2965,0.2413,0.2517,0.7005,0.5139,0.0027,0.6328,0.2552,0.5251,0.3903,0.1098,0.3057,0.5948
SYR,SYR,2024,LOW,0.2752,0.9474,0.5074,0.6683,0.0502,0.5222,0.1255,0.1856,0.7998,0.0168,0.0552,0.0628,0.5701,0.1246,0.0669,0.4591,0.0259,0.3382,,0.7247,,
TCD,TCD,2024,HIGH,0.6052,0.6158,0.5321,0.6974,0.0191,0.5724,0.7936,0.4954,0.8526,0.0514,0.1011,0.1038,0.0968,0.2552,0.8943,0.0239,0.1282,0.9442,0.7564,0.1601,0.5859,0.5206
TGO,TGO,2024,HIGH,0.7967,0.4573,0.4317,0.5732,0.2093,0.5842,0.4282,0.4122,0.6561,0.2661,0.3225,0.2942,0.508,0.7216,0.8628,0.0633,0.3454,0.817,0.7842,0.6662,0.1006,0.7828
THA,Thailand,2024,HIGH,0.4403,0.5982,0.4752,0.4031,0.6389,0.5911,0.5101,0.6686,0.7071,0.3171,0.4998,0.3462,0.7404,0.5778,0.8385,0.3086,0.5813,0.9407,0.7639,0.6712,0.1006,0.5933
TJK,TJK,2024,HIGH,0.8926,0.732,0.4601,0.8787,0.5509,0.5727,0.8229,0.7763,0.7079,0.5079,0.1517,0.1358,0.4584,0.8618,0.5348,0.6382,0.2144,0.3379,0.5004,0.8329,0.9555,0.9398
TKM,TKM,2024,MEDIUM,0.7811,0.487,0.4862,0.8353,0.6704,0.5544,0.9336,0.7145,0.9019,0.7414,0.1063,0.1202,0.2862,0.7441,0.7181,0.6358,0.0454,0.2044,0.3851,0.9182,0.6888,0.9398
TLS,TLS,2024,HIGH,0.0072,0.0004,0.6799,0.8343,0.5158,0.6033,0.9056,0.0052,0.8579,0.8324,0.3253,0.408,0.0112,0.0078,0.866,0.1762,0.2223,0.1604,0.9741,0.8693,0.211,0.5933
TTO,TTO,2024,MEDIUM,0.437,0.4999,0.3758,0.2681,0.6852,0.5967,0.4956,0.8487,0.6369,0.782,0.4309,0.4241,0.5082,0.5635,0.7576,0.7415,0.4353,0.9702,0.0483,0.0334,0.2863,0.6097
TUN,Tunisia,2024,HIGH,0.3513,0.3471,0.4472,0.0259,0.6054,0.5537,0.3004,0.4778,0.3133,0.2243,0.434,0.4762,0.7262,0.4162,0.0276,0.7815,0.3531,0.5334,0.3992,0.0334,0.1449,0.5073
TUR,Trkiye,2024,HIGH,0.519,0.3895,0.4333,0.8536,0.9057,0.2747,0.8449,0.5253,0.6905,0.2091,0.2467,0.332,0.7711,0.6265,0.469,0.6999,0.4331,0.1604,0.36,0.1962,0.8665,0.0145
TZA,Tanzania,2024,HIGH,0.7234,0.7903,0.463,0.98,0.0259,0.5726,0.6696,0.4028,0.6163,0.4523,0.368,0.4439,0.5569,0.5741,0.8809,0.0365,0.2935,0.76,0.7,0.8306,0.1006,0.5933
UGA,UGA,2024,HIGH,0.7639,0.9908,0.5506,0.4502,0.0565,0.5758,0.6332,0.2199,0.692,0.1929,0.2829,0.1581,0.5243,0.6341,0.8475,0.0671,0.2979,0.8643,0.9679,0.5085,0.1839,0.5922
UKR,Ukraine,2024,HIGH,0.4774,0.6596,0.4614,0.2526,0.5391,0.5088,0.2417,0.2283,0.1466,0.4316,0.2896,0.2909,0.5228,0.5718,0.3637,0.7695,0.3923,0.1891,0.4118,0.1272,0.1006,0.5452
URY,URY,2024,HIGH,0.497,0.6111,0.3124,0.1415,0.9095,0.5589,0.4492,0.5118,0.6936,0.9559,0.8881,0.9517,0.7368,0.6321,0.1532,0.6957,0.7932,0.4857,0.0483,0.7546,0.2953,0.9398
USA,USA,2024,HIGH,0.4653,0.485,0.4372,0.4179,0.7099,0.5798,0.0746,0.3649,0.2895,0.5952,0.89,0.9007,0.7574,0.4978,0.7307,0.9049,0.9353,0.2201,0.3911,0.5661,0.6497,0.5981
UVK,UVK,2024,LOW,0.5762,0.6477,0.4823,0.7218,0.2178,0.593,0.8907,0.165,0.6904,0.3088,0.3018,0.3099,0.3904,0.5429,0.5215,0.4578,0.3525,,,,0.5813,0.5965
UZB,Uzbekistan,2024,HIGH,0.7946,0.249,0.4725,0.9144,0.7013,0.5257,0.8019,0.3129,0.4818,0.6271,0.3135,0.2621,0.1105,0.7416,0.6705,0.5505,0.2969,0.342,0.3699,0.9182,0.2966,0.7509
VEN,VEN,2024,HIGH,0.7048,0.7345,0.4446,0.0131,0.7141,0.2578,0.0115,0.6825,0.0906,0.0553,0.0284,0.0758,0.2852,0.7777,0.692,0.488,0.0308,0.9702,0.0483,0.9182,0.9726,0.9398
VNM,Vietnam,2024,HIGH,0.8308,0.7738,0.5097,0.8486,0.6524,0.5782,0.8004,0.8235,0.7754,0.6418,0.4562,0.4624,0.7162,0.8654,0.8008,0.2566,0.4077,0.6177,0.3252,0.6441,0.6855,0.078
YEM,YEM,2024,HIGH,0.2768,0.9927,0.3857,0.0176,0.068,0.5323,0.4247,0.0311,0.74,0.008,0.0476,0.07,0.6304,0.1653,0.0728,0.3486,0.0547,,,0.3583,0.4957,0.9398
ZAF,South Africa,2024,HIGH,0.2596,0.3191,0.4271,0.1032,0.7908,0.5787,0.3672,0.5312,0.6404,0.3458,0.6019,0.4887,0.5305,0.2644,0.0011,0.847,0.5038,0.248,0.1961,0.6736,0.1006,0.5935
ZMB,ZMB,2024,HIGH,0.5682,0.543,0.6229,0.5318,0.1465,0.4718,0.0946,0.4779,0.0914,0.5925,0.3509,0.3748,0.0102,0.4125,0.6938,0.0869,0.3401,0.4734,0.9741,0.8458,0.3542,0.7791
ZWE,ZWE,2024,HIGH,0.3631,0.4218,0.4392,0.0325,0.531,0.0,0.2052,0.6367,0.7443,0.1944,0.1456,0.1289,0.5691,0.3195,0.5016,0.0996,0.1104,0.3653,0.6407,0.6768,0.1006,0.0145
