country,country_name,year,rao_score,data_confidence
AFG,AFG,2010,4.213,MEDIUM
AFG,AFG,2011,3.849,MEDIUM
AFG,AFG,2012,4.365,MEDIUM
AFG,AFG,2013,1.758,MEDIUM
AFG,AFG,2014,4.043,MEDIUM
AFG,AFG,2015,3.316,MEDIUM
AFG,AFG,2016,3.709,MEDIUM
AFG,AFG,2017,3.821,MEDIUM
AFG,AFG,2018,3.474,MEDIUM
AFG,AFG,2019,3.97,MEDIUM
AFG,AFG,2020,3.516,HIGH
AFG,AFG,2021,2.742,HIGH
AFG,AFG,2022,2.602,HIGH
AFG,AFG,2023,2.381,HIGH
AFG,AFG,2024,2.326,HIGH
AGO,AGO,2010,3.971,HIGH
AGO,AGO,2011,3.956,HIGH
AGO,AGO,2012,2.6,HIGH
AGO,AGO,2013,3.008,HIGH
AGO,AGO,2014,2.633,HIGH
AGO,AGO,2015,2.423,HIGH
AGO,AGO,2016,2.088,HIGH
AGO,AGO,2017,2.251,HIGH
AGO,AGO,2018,2.405,HIGH
AGO,AGO,2019,3.592,HIGH
AGO,AGO,2020,4.413,HIGH
AGO,AGO,2021,4.151,HIGH
AGO,AGO,2022,4.037,HIGH
AGO,AGO,2023,2.612,HIGH
AGO,AGO,2024,2.942,HIGH
ALB,ALB,2010,6.144,HIGH
ALB,ALB,2011,6.234,HIGH
ALB,ALB,2012,4.201,HIGH
ALB,ALB,2013,3.906,HIGH
ALB,ALB,2014,4.7,HIGH
ALB,ALB,2015,4.495,HIGH
ALB,ALB,2016,5.706,HIGH
ALB,ALB,2017,6.004,HIGH
ALB,ALB,2018,6.301,HIGH
ALB,ALB,2019,4.881,HIGH
ALB,ALB,2020,4.704,HIGH
ALB,ALB,2021,5.884,HIGH
ALB,ALB,2022,5.871,HIGH
ALB,ALB,2023,6.122,HIGH
ALB,ALB,2024,6.253,HIGH
ARE,ARE,2010,6.448,HIGH
ARE,ARE,2011,7.709,HIGH
ARE,ARE,2012,7.643,HIGH
ARE,ARE,2013,7.478,HIGH
ARE,ARE,2014,6.693,HIGH
ARE,ARE,2015,6.737,HIGH
ARE,ARE,2016,6.882,HIGH
ARE,ARE,2017,5.243,HIGH
ARE,ARE,2018,6.033,HIGH
ARE,ARE,2019,6.371,HIGH
ARE,ARE,2020,6.279,HIGH
ARE,ARE,2021,6.578,HIGH
ARE,ARE,2022,7.224,HIGH
ARE,ARE,2023,7.215,HIGH
ARE,ARE,2024,7.333,HIGH
ARG,Argentina,2010,7.54,HIGH
ARG,Argentina,2011,7.058,HIGH
ARG,Argentina,2012,4.918,HIGH
ARG,Argentina,2013,5.256,HIGH
ARG,Argentina,2014,3.252,HIGH
ARG,Argentina,2015,4.997,HIGH
ARG,Argentina,2016,4.972,HIGH
ARG,Argentina,2017,6.37,HIGH
ARG,Argentina,2018,4.885,HIGH
ARG,Argentina,2019,4.674,HIGH
ARG,Argentina,2020,4.173,HIGH
ARG,Argentina,2021,5.693,HIGH
ARG,Argentina,2022,6.553,HIGH
ARG,Argentina,2023,5.311,HIGH
ARG,Argentina,2024,5.782,HIGH
ARM,ARM,2010,5.815,HIGH
ARM,ARM,2011,6.055,HIGH
ARM,ARM,2012,6.464,HIGH
ARM,ARM,2013,5.453,HIGH
ARM,ARM,2014,4.588,HIGH
ARM,ARM,2015,4.414,HIGH
ARM,ARM,2016,4.028,HIGH
ARM,ARM,2017,4.755,HIGH
ARM,ARM,2018,5.597,HIGH
ARM,ARM,2019,5.503,HIGH
ARM,ARM,2020,4.116,HIGH
ARM,ARM,2021,5.105,HIGH
ARM,ARM,2022,6.179,HIGH
ARM,ARM,2023,6.523,HIGH
ARM,ARM,2024,5.899,HIGH
AUS,AUS,2010,7.96,HIGH
AUS,AUS,2011,8.349,HIGH
AUS,AUS,2012,8.322,HIGH
AUS,AUS,2013,8.394,HIGH
AUS,AUS,2014,7.581,HIGH
AUS,AUS,2015,7.488,HIGH
AUS,AUS,2016,7.376,HIGH
AUS,AUS,2017,7.098,HIGH
AUS,AUS,2018,6.969,HIGH
AUS,AUS,2019,6.85,HIGH
AUS,AUS,2020,7.087,HIGH
AUS,AUS,2021,6.067,HIGH
AUS,AUS,2022,6.509,HIGH
AUS,AUS,2023,7.236,HIGH
AUS,AUS,2024,6.899,HIGH
AUT,AUT,2010,7.704,HIGH
AUT,AUT,2011,8.373,HIGH
AUT,AUT,2012,7.425,HIGH
AUT,AUT,2013,7.426,HIGH
AUT,AUT,2014,7.254,HIGH
AUT,AUT,2015,7.43,HIGH
AUT,AUT,2016,7.527,HIGH
AUT,AUT,2017,7.435,HIGH
AUT,AUT,2018,7.606,HIGH
AUT,AUT,2019,7.403,HIGH
AUT,AUT,2020,6.947,HIGH
AUT,AUT,2021,7.531,HIGH
AUT,AUT,2022,7.152,HIGH
AUT,AUT,2023,6.198,HIGH
AUT,AUT,2024,6.694,HIGH
AZE,AZE,2010,5.178,HIGH
AZE,AZE,2011,4.43,HIGH
AZE,AZE,2012,5.079,HIGH
AZE,AZE,2013,5.822,HIGH
AZE,AZE,2014,4.5,HIGH
AZE,AZE,2015,4.116,HIGH
AZE,AZE,2016,3.148,HIGH
AZE,AZE,2017,3.212,HIGH
AZE,AZE,2018,3.579,HIGH
AZE,AZE,2019,4.88,HIGH
AZE,AZE,2020,5.616,HIGH
AZE,AZE,2021,4.824,HIGH
AZE,AZE,2022,4.591,HIGH
AZE,AZE,2023,4.046,HIGH
AZE,AZE,2024,4.275,HIGH
BDI,BDI,2010,3.433,MEDIUM
BDI,BDI,2011,3.426,MEDIUM
BDI,BDI,2012,3.44,MEDIUM
BDI,BDI,2013,3.706,MEDIUM
BDI,BDI,2014,4.019,MEDIUM
BDI,BDI,2015,3.19,MEDIUM
BDI,BDI,2016,2.36,MEDIUM
BDI,BDI,2017,2.4,MEDIUM
BDI,BDI,2018,2.392,MEDIUM
BDI,BDI,2019,3.326,MEDIUM
BDI,BDI,2020,3.668,MEDIUM
BDI,BDI,2021,2.782,MEDIUM
BDI,BDI,2022,2.69,MEDIUM
BDI,BDI,2023,2.765,MEDIUM
BDI,BDI,2024,3.611,MEDIUM
BEL,BEL,2010,8.162,HIGH
BEL,BEL,2011,8.356,HIGH
BEL,BEL,2012,7.588,HIGH
BEL,BEL,2013,7.289,HIGH
BEL,BEL,2014,7.597,HIGH
BEL,BEL,2015,7.336,HIGH
BEL,BEL,2016,8.005,HIGH
BEL,BEL,2017,7.118,HIGH
BEL,BEL,2018,7.366,HIGH
BEL,BEL,2019,7.486,HIGH
BEL,BEL,2020,7.363,HIGH
BEL,BEL,2021,7.825,HIGH
BEL,BEL,2022,7.566,HIGH
BEL,BEL,2023,6.794,HIGH
BEL,BEL,2024,6.266,HIGH
BEN,BEN,2010,4.041,HIGH
BEN,BEN,2011,4.302,HIGH
BEN,BEN,2012,4.353,HIGH
BEN,BEN,2013,4.859,HIGH
BEN,BEN,2014,4.73,HIGH
BEN,BEN,2015,3.533,HIGH
BEN,BEN,2016,4.008,HIGH
BEN,BEN,2017,4.274,HIGH
BEN,BEN,2018,4.487,HIGH
BEN,BEN,2019,4.862,HIGH
BEN,BEN,2020,4.827,HIGH
BEN,BEN,2021,4.507,HIGH
BEN,BEN,2022,4.544,HIGH
BEN,BEN,2023,4.865,HIGH
BEN,BEN,2024,5.033,HIGH
BFA,BFA,2010,5.758,HIGH
BFA,BFA,2011,4.872,HIGH
BFA,BFA,2012,3.708,HIGH
BFA,BFA,2013,3.313,HIGH
BFA,BFA,2014,2.731,HIGH
BFA,BFA,2015,2.747,HIGH
BFA,BFA,2016,3.429,HIGH
BFA,BFA,2017,3.861,HIGH
BFA,BFA,2018,1.809,HIGH
BFA,BFA,2019,4.048,HIGH
BFA,BFA,2020,4.324,HIGH
BFA,BFA,2021,3.364,HIGH
BFA,BFA,2022,2.536,HIGH
BFA,BFA,2023,2.27,HIGH
BFA,BFA,2024,2.42,HIGH
BGD,Bangladesh,2010,5.448,HIGH
BGD,Bangladesh,2011,6.191,HIGH
BGD,Bangladesh,2012,5.335,HIGH
BGD,Bangladesh,2013,4.887,HIGH
BGD,Bangladesh,2014,5.691,HIGH
BGD,Bangladesh,2015,5.918,HIGH
BGD,Bangladesh,2016,6.734,HIGH
BGD,Bangladesh,2017,5.911,HIGH
BGD,Bangladesh,2018,5.839,HIGH
BGD,Bangladesh,2019,5.69,HIGH
BGD,Bangladesh,2020,6.541,HIGH
BGD,Bangladesh,2021,5.552,HIGH
BGD,Bangladesh,2022,5.66,HIGH
BGD,Bangladesh,2023,5.681,HIGH
BGD,Bangladesh,2024,4.912,HIGH
BGR,BGR,2010,6.686,HIGH
BGR,BGR,2011,6.895,HIGH
BGR,BGR,2012,6.329,HIGH
BGR,BGR,2013,6.62,HIGH
BGR,BGR,2014,6.448,HIGH
BGR,BGR,2015,7.084,HIGH
BGR,BGR,2016,7.053,HIGH
BGR,BGR,2017,6.827,HIGH
BGR,BGR,2018,7.178,HIGH
BGR,BGR,2019,7.204,HIGH
BGR,BGR,2020,6.969,HIGH
BGR,BGR,2021,7.251,HIGH
BGR,BGR,2022,7.155,HIGH
BGR,BGR,2023,6.883,HIGH
BGR,BGR,2024,6.901,HIGH
BHR,BHR,2010,6.331,HIGH
BHR,BHR,2011,6.745,HIGH
BHR,BHR,2012,5.862,HIGH
BHR,BHR,2013,5.481,HIGH
BHR,BHR,2014,4.704,HIGH
BHR,BHR,2015,5.221,HIGH
BHR,BHR,2016,5.955,HIGH
BHR,BHR,2017,6.265,HIGH
BHR,BHR,2018,6.056,HIGH
BHR,BHR,2019,6.352,HIGH
BHR,BHR,2020,6.278,HIGH
BHR,BHR,2021,6.062,HIGH
BHR,BHR,2022,6.447,HIGH
BHR,BHR,2023,6.678,HIGH
BHR,BHR,2024,6.561,HIGH
BIH,BIH,2010,4.163,HIGH
BIH,BIH,2011,4.212,HIGH
BIH,BIH,2012,4.188,HIGH
BIH,BIH,2013,4.666,HIGH
BIH,BIH,2014,4.489,HIGH
BIH,BIH,2015,4.33,HIGH
BIH,BIH,2016,3.975,HIGH
BIH,BIH,2017,3.631,HIGH
BIH,BIH,2018,4.148,HIGH
BIH,BIH,2019,3.689,HIGH
BIH,BIH,2020,4.445,HIGH
BIH,BIH,2021,5.299,HIGH
BIH,BIH,2022,5.378,HIGH
BIH,BIH,2023,5.56,HIGH
BIH,BIH,2024,5.455,HIGH
BLR,BLR,2010,3.858,HIGH
BLR,BLR,2011,5.883,HIGH
BLR,BLR,2012,5.395,HIGH
BLR,BLR,2013,2.694,HIGH
BLR,BLR,2014,3.605,HIGH
BLR,BLR,2015,1.676,HIGH
BLR,BLR,2016,1.649,HIGH
BLR,BLR,2017,4.403,HIGH
BLR,BLR,2018,5.057,HIGH
BLR,BLR,2019,5.449,HIGH
BLR,BLR,2020,5.214,HIGH
BLR,BLR,2021,1.892,HIGH
BLR,BLR,2022,1.564,HIGH
BLR,BLR,2023,4.353,HIGH
BLR,BLR,2024,3.816,HIGH
BLZ,BLZ,2010,4.259,HIGH
BLZ,BLZ,2011,4.234,HIGH
BLZ,BLZ,2012,4.505,HIGH
BLZ,BLZ,2013,3.997,HIGH
BLZ,BLZ,2014,3.912,HIGH
BLZ,BLZ,2015,3.688,HIGH
BLZ,BLZ,2016,3.037,HIGH
BLZ,BLZ,2017,3.042,HIGH
BLZ,BLZ,2018,3.984,HIGH
BLZ,BLZ,2019,4.747,HIGH
BLZ,BLZ,2020,3.721,HIGH
BLZ,BLZ,2021,6.088,HIGH
BLZ,BLZ,2022,5.721,HIGH
BLZ,BLZ,2023,4.555,HIGH
BLZ,BLZ,2024,5.387,HIGH
BOL,BOL,2010,5.033,HIGH
BOL,BOL,2011,5.284,HIGH
BOL,BOL,2012,4.818,HIGH
BOL,BOL,2013,4.792,HIGH
BOL,BOL,2014,4.69,HIGH
BOL,BOL,2015,3.729,HIGH
BOL,BOL,2016,3.701,HIGH
BOL,BOL,2017,4.02,HIGH
BOL,BOL,2018,3.655,HIGH
BOL,BOL,2019,4.018,HIGH
BOL,BOL,2020,3.765,HIGH
BOL,BOL,2021,5.108,HIGH
BOL,BOL,2022,4.554,HIGH
BOL,BOL,2023,4.168,HIGH
BOL,BOL,2024,3.295,HIGH
BRA,Brazil,2010,8.272,HIGH
BRA,Brazil,2011,7.598,HIGH
BRA,Brazil,2012,6.626,HIGH
BRA,Brazil,2013,6.773,HIGH
BRA,Brazil,2014,5.223,HIGH
BRA,Brazil,2015,3.955,HIGH
BRA,Brazil,2016,4.006,HIGH
BRA,Brazil,2017,4.499,HIGH
BRA,Brazil,2018,4.473,HIGH
BRA,Brazil,2019,4.386,HIGH
BRA,Brazil,2020,4.737,HIGH
BRA,Brazil,2021,5.344,HIGH
BRA,Brazil,2022,6.099,HIGH
BRA,Brazil,2023,6.248,HIGH
BRA,Brazil,2024,5.876,HIGH
BTN,BTN,2010,5.777,HIGH
BTN,BTN,2011,5.3,HIGH
BTN,BTN,2012,4.467,HIGH
BTN,BTN,2013,4.303,HIGH
BTN,BTN,2014,4.707,HIGH
BTN,BTN,2015,5.783,HIGH
BTN,BTN,2016,6.166,HIGH
BTN,BTN,2017,5.617,HIGH
BTN,BTN,2018,5.644,HIGH
BTN,BTN,2019,6.1,HIGH
BTN,BTN,2020,4.645,HIGH
BTN,BTN,2021,5.011,HIGH
BTN,BTN,2022,4.568,HIGH
BTN,BTN,2023,6.163,HIGH
BTN,BTN,2024,6.494,HIGH
BWA,BWA,2010,7.474,HIGH
BWA,BWA,2011,7.517,HIGH
BWA,BWA,2012,5.729,HIGH
BWA,BWA,2013,6.52,HIGH
BWA,BWA,2014,5.683,HIGH
BWA,BWA,2015,4.047,HIGH
BWA,BWA,2016,5.534,HIGH
BWA,BWA,2017,4.933,HIGH
BWA,BWA,2018,5.491,HIGH
BWA,BWA,2019,5.617,HIGH
BWA,BWA,2020,5.35,HIGH
BWA,BWA,2021,5.245,HIGH
BWA,BWA,2022,4.747,HIGH
BWA,BWA,2023,4.938,HIGH
BWA,BWA,2024,4.388,HIGH
CAF,CAF,2010,4.147,HIGH
CAF,CAF,2011,3.911,HIGH
CAF,CAF,2012,2.333,HIGH
CAF,CAF,2013,1.571,HIGH
CAF,CAF,2014,1.455,HIGH
CAF,CAF,2015,2.049,HIGH
CAF,CAF,2016,2.898,HIGH
CAF,CAF,2017,1.062,HIGH
CAF,CAF,2018,1.442,HIGH
CAF,CAF,2019,1.66,HIGH
CAF,CAF,2020,2.11,HIGH
CAF,CAF,2021,2.861,HIGH
CAF,CAF,2022,3.017,HIGH
CAF,CAF,2023,2.484,HIGH
CAF,CAF,2024,2.122,HIGH
CAN,CAN,2010,8.068,HIGH
CAN,CAN,2011,8.404,HIGH
CAN,CAN,2012,7.959,HIGH
CAN,CAN,2013,8.257,HIGH
CAN,CAN,2014,7.92,HIGH
CAN,CAN,2015,7.432,HIGH
CAN,CAN,2016,7.412,HIGH
CAN,CAN,2017,7.741,HIGH
CAN,CAN,2018,7.62,HIGH
CAN,CAN,2019,7.059,HIGH
CAN,CAN,2020,6.059,HIGH
CAN,CAN,2021,6.521,HIGH
CAN,CAN,2022,6.522,HIGH
CAN,CAN,2023,6.315,HIGH
CAN,CAN,2024,6.391,HIGH
CHE,CHE,2010,8.531,HIGH
CHE,CHE,2011,8.449,HIGH
CHE,CHE,2012,8.465,HIGH
CHE,CHE,2013,8.01,HIGH
CHE,CHE,2014,7.555,HIGH
CHE,CHE,2015,7.931,HIGH
CHE,CHE,2016,7.868,HIGH
CHE,CHE,2017,7.897,HIGH
CHE,CHE,2018,7.506,HIGH
CHE,CHE,2019,7.41,HIGH
CHE,CHE,2020,7.58,HIGH
CHE,CHE,2021,7.228,HIGH
CHE,CHE,2022,7.085,HIGH
CHE,CHE,2023,7.315,HIGH
CHE,CHE,2024,7.635,HIGH
CHL,CHL,2010,8.08,HIGH
CHL,CHL,2011,8.395,HIGH
CHL,CHL,2012,7.601,HIGH
CHL,CHL,2013,6.995,HIGH
CHL,CHL,2014,6.158,HIGH
CHL,CHL,2015,6.063,HIGH
CHL,CHL,2016,5.713,HIGH
CHL,CHL,2017,5.309,HIGH
CHL,CHL,2018,6.271,HIGH
CHL,CHL,2019,5.781,HIGH
CHL,CHL,2020,5.347,HIGH
CHL,CHL,2021,5.379,HIGH
CHL,CHL,2022,4.902,HIGH
CHL,CHL,2023,4.712,HIGH
CHL,CHL,2024,5.546,HIGH
CHN,China,2010,9.315,HIGH
CHN,China,2011,9.26,HIGH
CHN,China,2012,8.401,HIGH
CHN,China,2013,8.159,HIGH
CHN,China,2014,8.022,HIGH
CHN,China,2015,7.852,HIGH
CHN,China,2016,8.024,HIGH
CHN,China,2017,8.257,HIGH
CHN,China,2018,8.617,HIGH
CHN,China,2019,8.255,HIGH
CHN,China,2020,8.999,HIGH
CHN,China,2021,7.809,HIGH
CHN,China,2022,7.168,HIGH
CHN,China,2023,8.232,HIGH
CHN,China,2024,8.055,HIGH
CIV,Cte d'Ivoire,2010,4.381,HIGH
CIV,Cte d'Ivoire,2011,3.684,HIGH
CIV,Cte d'Ivoire,2012,5.031,HIGH
CIV,Cte d'Ivoire,2013,5.624,HIGH
CIV,Cte d'Ivoire,2014,6.431,HIGH
CIV,Cte d'Ivoire,2015,5.88,HIGH
CIV,Cte d'Ivoire,2016,5.783,HIGH
CIV,Cte d'Ivoire,2017,5.191,HIGH
CIV,Cte d'Ivoire,2018,4.373,HIGH
CIV,Cte d'Ivoire,2019,5.52,HIGH
CIV,Cte d'Ivoire,2020,4.961,HIGH
CIV,Cte d'Ivoire,2021,4.367,HIGH
CIV,Cte d'Ivoire,2022,4.654,HIGH
CIV,Cte d'Ivoire,2023,4.927,HIGH
CIV,Cte d'Ivoire,2024,5.169,HIGH
CMR,CMR,2010,4.282,HIGH
CMR,CMR,2011,4.444,HIGH
CMR,CMR,2012,3.312,HIGH
CMR,CMR,2013,3.229,HIGH
CMR,CMR,2014,4.32,HIGH
CMR,CMR,2015,4.12,HIGH
CMR,CMR,2016,4.175,HIGH
CMR,CMR,2017,3.65,HIGH
CMR,CMR,2018,3.225,HIGH
CMR,CMR,2019,3.206,HIGH
CMR,CMR,2020,3.302,HIGH
CMR,CMR,2021,3.015,HIGH
CMR,CMR,2022,3.494,HIGH
CMR,CMR,2023,3.518,HIGH
CMR,CMR,2024,3.459,HIGH
COD,COD,2010,4.291,HIGH
COD,COD,2011,4.224,HIGH
COD,COD,2012,3.458,HIGH
COD,COD,2013,4.293,HIGH
COD,COD,2014,4.437,HIGH
COD,COD,2015,4.33,HIGH
COD,COD,2016,3.631,HIGH
COD,COD,2017,2.942,HIGH
COD,COD,2018,3.29,HIGH
COD,COD,2019,2.853,HIGH
COD,COD,2020,3.523,HIGH
COD,COD,2021,3.001,HIGH
COD,COD,2022,3.74,HIGH
COD,COD,2023,3.348,HIGH
COD,COD,2024,3.225,HIGH
COG,COG,2010,4.078,HIGH
COG,COG,2011,1.49,HIGH
COG,COG,2012,3.43,HIGH
COG,COG,2013,3.462,HIGH
COG,COG,2014,3.46,HIGH
COG,COG,2015,2.385,HIGH
COG,COG,2016,2.217,HIGH
COG,COG,2017,2.147,HIGH
COG,COG,2018,2.171,HIGH
COG,COG,2019,2.134,HIGH
COG,COG,2020,2.562,HIGH
COG,COG,2021,2.107,HIGH
COG,COG,2022,1.693,HIGH
COG,COG,2023,1.46,HIGH
COG,COG,2024,1.538,HIGH
COL,Colombia,2010,6.428,HIGH
COL,Colombia,2011,7.47,HIGH
COL,Colombia,2012,5.774,HIGH
COL,Colombia,2013,6.005,HIGH
COL,Colombia,2014,6.041,HIGH
COL,Colombia,2015,5.145,HIGH
COL,Colombia,2016,5.162,HIGH
COL,Colombia,2017,5.101,HIGH
COL,Colombia,2018,5.097,HIGH
COL,Colombia,2019,5.75,HIGH
COL,Colombia,2020,3.971,HIGH
COL,Colombia,2021,5.192,HIGH
COL,Colombia,2022,5.712,HIGH
COL,Colombia,2023,4.734,HIGH
COL,Colombia,2024,4.609,HIGH
CRI,CRI,2010,7.761,HIGH
CRI,CRI,2011,7.518,HIGH
CRI,CRI,2012,6.286,HIGH
CRI,CRI,2013,6.079,HIGH
CRI,CRI,2014,6.36,HIGH
CRI,CRI,2015,7.028,HIGH
CRI,CRI,2016,7.145,HIGH
CRI,CRI,2017,6.697,HIGH
CRI,CRI,2018,6.097,HIGH
CRI,CRI,2019,5.687,HIGH
CRI,CRI,2020,5.495,HIGH
CRI,CRI,2021,6.36,HIGH
CRI,CRI,2022,6.955,HIGH
CRI,CRI,2023,7.354,HIGH
CRI,CRI,2024,7.178,HIGH
CYP,CYP,2010,7.088,HIGH
CYP,CYP,2011,6.503,HIGH
CYP,CYP,2012,4.418,HIGH
CYP,CYP,2013,3.519,HIGH
CYP,CYP,2014,4.121,HIGH
CYP,CYP,2015,5.342,HIGH
CYP,CYP,2016,6.089,HIGH
CYP,CYP,2017,7.132,HIGH
CYP,CYP,2018,7.696,HIGH
CYP,CYP,2019,7.242,HIGH
CYP,CYP,2020,5.334,HIGH
CYP,CYP,2021,6.071,HIGH
CYP,CYP,2022,6.793,HIGH
CYP,CYP,2023,6.291,HIGH
CYP,CYP,2024,6.912,HIGH
CZE,CZE,2010,8.095,HIGH
CZE,CZE,2011,7.943,HIGH
CZE,CZE,2012,7.134,HIGH
CZE,CZE,2013,7.333,HIGH
CZE,CZE,2014,7.981,HIGH
CZE,CZE,2015,8.511,HIGH
CZE,CZE,2016,8.318,HIGH
CZE,CZE,2017,8.743,HIGH
CZE,CZE,2018,8.166,HIGH
CZE,CZE,2019,7.495,HIGH
CZE,CZE,2020,6.886,HIGH
CZE,CZE,2021,7.57,HIGH
CZE,CZE,2022,7.378,HIGH
CZE,CZE,2023,7.061,HIGH
CZE,CZE,2024,7.495,HIGH
DEU,DEU,2010,8.75,HIGH
DEU,DEU,2011,8.864,HIGH
DEU,DEU,2012,7.499,HIGH
DEU,DEU,2013,7.571,HIGH
DEU,DEU,2014,7.911,HIGH
DEU,DEU,2015,8.026,HIGH
DEU,DEU,2016,7.856,HIGH
DEU,DEU,2017,7.678,HIGH
DEU,DEU,2018,7.562,HIGH
DEU,DEU,2019,7.441,HIGH
DEU,DEU,2020,7.645,HIGH
DEU,DEU,2021,7.503,HIGH
DEU,DEU,2022,6.769,HIGH
DEU,DEU,2023,6.817,HIGH
DEU,DEU,2024,7.081,HIGH
DJI,DJI,2010,,LOW
DJI,DJI,2011,,LOW
DJI,DJI,2012,2.068,LOW
DJI,DJI,2013,2.559,MEDIUM
DJI,DJI,2014,2.712,HIGH
DJI,DJI,2015,2.723,HIGH
DJI,DJI,2016,2.552,HIGH
DJI,DJI,2017,2.714,HIGH
DJI,DJI,2018,2.897,HIGH
DJI,DJI,2019,2.994,HIGH
DJI,DJI,2020,3.189,HIGH
DJI,DJI,2021,3.075,HIGH
DJI,DJI,2022,3.357,HIGH
DJI,DJI,2023,3.012,HIGH
DJI,DJI,2024,3.045,HIGH
DNK,DNK,2010,7.226,HIGH
DNK,DNK,2011,7.916,HIGH
DNK,DNK,2012,7.783,HIGH
DNK,DNK,2013,8.199,HIGH
DNK,DNK,2014,7.983,HIGH
DNK,DNK,2015,7.737,HIGH
DNK,DNK,2016,7.961,HIGH
DNK,DNK,2017,7.671,HIGH
DNK,DNK,2018,7.717,HIGH
DNK,DNK,2019,7.413,HIGH
DNK,DNK,2020,7.782,HIGH
DNK,DNK,2021,8.083,HIGH
DNK,DNK,2022,7.598,HIGH
DNK,DNK,2023,7.924,HIGH
DNK,DNK,2024,8.115,HIGH
DOM,DOM,2010,7.848,HIGH
DOM,DOM,2011,6.273,HIGH
DOM,DOM,2012,6.204,HIGH
DOM,DOM,2013,6.605,HIGH
DOM,DOM,2014,7.334,HIGH
DOM,DOM,2015,7.014,HIGH
DOM,DOM,2016,6.249,HIGH
DOM,DOM,2017,5.782,HIGH
DOM,DOM,2018,6.019,HIGH
DOM,DOM,2019,5.853,HIGH
DOM,DOM,2020,4.81,HIGH
DOM,DOM,2021,7.181,HIGH
DOM,DOM,2022,6.582,HIGH
DOM,DOM,2023,6.391,HIGH
DOM,DOM,2024,7.051,HIGH
DZA,DZA,2010,5.858,HIGH
DZA,DZA,2011,5.494,HIGH
DZA,DZA,2012,4.28,HIGH
DZA,DZA,2013,5.269,HIGH
DZA,DZA,2014,4.598,HIGH
DZA,DZA,2015,4.429,HIGH
DZA,DZA,2016,4.782,HIGH
DZA,DZA,2017,3.587,HIGH
DZA,DZA,2018,3.856,HIGH
DZA,DZA,2019,4.527,HIGH
DZA,DZA,2020,5.007,HIGH
DZA,DZA,2021,4.93,HIGH
DZA,DZA,2022,4.841,HIGH
DZA,DZA,2023,5.215,HIGH
DZA,DZA,2024,4.682,HIGH
ECU,ECU,2010,5.355,HIGH
ECU,ECU,2011,6.22,HIGH
ECU,ECU,2012,5.644,HIGH
ECU,ECU,2013,6.723,HIGH
ECU,ECU,2014,6.051,HIGH
ECU,ECU,2015,4.348,HIGH
ECU,ECU,2016,4.129,HIGH
ECU,ECU,2017,5.282,HIGH
ECU,ECU,2018,4.961,HIGH
ECU,ECU,2019,4.974,HIGH
ECU,ECU,2020,5.094,HIGH
ECU,ECU,2021,6.295,HIGH
ECU,ECU,2022,6.395,HIGH
ECU,ECU,2023,5.81,HIGH
ECU,ECU,2024,3.155,HIGH
EGY,Egypt,2010,5.216,HIGH
EGY,Egypt,2011,4.593,HIGH
EGY,Egypt,2012,3.287,HIGH
EGY,Egypt,2013,3.051,HIGH
EGY,Egypt,2014,3.077,HIGH
EGY,Egypt,2015,3.446,HIGH
EGY,Egypt,2016,3.291,HIGH
EGY,Egypt,2017,4.133,HIGH
EGY,Egypt,2018,5.332,HIGH
EGY,Egypt,2019,5.862,HIGH
EGY,Egypt,2020,5.901,HIGH
EGY,Egypt,2021,4.251,HIGH
EGY,Egypt,2022,5.667,HIGH
EGY,Egypt,2023,5.187,HIGH
EGY,Egypt,2024,4.358,HIGH
ERI,ERI,2010,3.239,HIGH
ERI,ERI,2011,3.893,HIGH
ERI,ERI,2012,3.256,HIGH
ERI,ERI,2013,2.914,HIGH
ERI,ERI,2014,2.689,HIGH
ERI,ERI,2015,2.245,HIGH
ERI,ERI,2016,2.67,HIGH
ERI,ERI,2017,3.102,HIGH
ERI,ERI,2018,3.132,HIGH
ERI,ERI,2019,3.231,HIGH
ERI,ERI,2020,3.685,HIGH
ERI,ERI,2021,2.784,LOW
ERI,ERI,2022,2.098,LOW
ERI,ERI,2023,1.709,LOW
ERI,ERI,2024,1.293,LOW
ESP,ESP,2010,5.719,HIGH
ESP,ESP,2011,5.541,HIGH
ESP,ESP,2012,4.743,HIGH
ESP,ESP,2013,4.659,HIGH
ESP,ESP,2014,5.054,HIGH
ESP,ESP,2015,5.146,HIGH
ESP,ESP,2016,5.78,HIGH
ESP,ESP,2017,6.259,HIGH
ESP,ESP,2018,6.697,HIGH
ESP,ESP,2019,6.151,HIGH
ESP,ESP,2020,4.951,HIGH
ESP,ESP,2021,6.184,HIGH
ESP,ESP,2022,6.854,HIGH
ESP,ESP,2023,6.339,HIGH
ESP,ESP,2024,7.023,HIGH
EST,EST,2010,7.65,HIGH
EST,EST,2011,8.81,HIGH
EST,EST,2012,8.343,HIGH
EST,EST,2013,8.29,HIGH
EST,EST,2014,8.248,HIGH
EST,EST,2015,7.334,HIGH
EST,EST,2016,7.921,HIGH
EST,EST,2017,8.3,HIGH
EST,EST,2018,7.902,HIGH
EST,EST,2019,7.98,HIGH
EST,EST,2020,8.027,HIGH
EST,EST,2021,8.236,HIGH
EST,EST,2022,6.461,HIGH
EST,EST,2023,6.166,HIGH
EST,EST,2024,6.602,HIGH
ETH,Ethiopia,2010,4.455,HIGH
ETH,Ethiopia,2011,4.928,HIGH
ETH,Ethiopia,2012,4.457,HIGH
ETH,Ethiopia,2013,4.685,HIGH
ETH,Ethiopia,2014,5.25,HIGH
ETH,Ethiopia,2015,4.691,HIGH
ETH,Ethiopia,2016,4.52,HIGH
ETH,Ethiopia,2017,4.397,HIGH
ETH,Ethiopia,2018,4.307,HIGH
ETH,Ethiopia,2019,4.719,HIGH
ETH,Ethiopia,2020,5.098,HIGH
ETH,Ethiopia,2021,3.959,HIGH
ETH,Ethiopia,2022,3.655,HIGH
ETH,Ethiopia,2023,3.149,HIGH
ETH,Ethiopia,2024,3.344,HIGH
FIN,FIN,2010,7.922,HIGH
FIN,FIN,2011,7.894,HIGH
FIN,FIN,2012,6.693,HIGH
FIN,FIN,2013,6.782,HIGH
FIN,FIN,2014,6.655,HIGH
FIN,FIN,2015,7.296,HIGH
FIN,FIN,2016,7.815,HIGH
FIN,FIN,2017,8.239,HIGH
FIN,FIN,2018,7.404,HIGH
FIN,FIN,2019,7.362,HIGH
FIN,FIN,2020,7.542,HIGH
FIN,FIN,2021,7.343,HIGH
FIN,FIN,2022,7.321,HIGH
FIN,FIN,2023,6.417,HIGH
FIN,FIN,2024,6.707,HIGH
FRA,FRA,2010,7.487,HIGH
FRA,FRA,2011,7.977,HIGH
FRA,FRA,2012,6.709,HIGH
FRA,FRA,2013,6.976,HIGH
FRA,FRA,2014,6.559,HIGH
FRA,FRA,2015,6.746,HIGH
FRA,FRA,2016,6.566,HIGH
FRA,FRA,2017,6.879,HIGH
FRA,FRA,2018,6.951,HIGH
FRA,FRA,2019,6.801,HIGH
FRA,FRA,2020,5.508,HIGH
FRA,FRA,2021,6.69,HIGH
FRA,FRA,2022,6.347,HIGH
FRA,FRA,2023,6.376,HIGH
FRA,FRA,2024,6.265,HIGH
GAB,GAB,2010,4.966,HIGH
GAB,GAB,2011,4.858,HIGH
GAB,GAB,2012,4.512,HIGH
GAB,GAB,2013,3.87,HIGH
GAB,GAB,2014,3.342,HIGH
GAB,GAB,2015,3.422,HIGH
GAB,GAB,2016,3.369,HIGH
GAB,GAB,2017,3.123,HIGH
GAB,GAB,2018,2.833,HIGH
GAB,GAB,2019,2.861,HIGH
GAB,GAB,2020,3.257,HIGH
GAB,GAB,2021,2.797,HIGH
GAB,GAB,2022,2.808,HIGH
GAB,GAB,2023,2.592,HIGH
GAB,GAB,2024,2.44,HIGH
GBR,GBR,2010,7.284,HIGH
GBR,GBR,2011,6.988,HIGH
GBR,GBR,2012,6.128,HIGH
GBR,GBR,2013,7.334,HIGH
GBR,GBR,2014,7.924,HIGH
GBR,GBR,2015,8.305,HIGH
GBR,GBR,2016,8.16,HIGH
GBR,GBR,2017,7.728,HIGH
GBR,GBR,2018,6.746,HIGH
GBR,GBR,2019,6.116,HIGH
GBR,GBR,2020,5.32,HIGH
GBR,GBR,2021,6.742,HIGH
GBR,GBR,2022,6.855,HIGH
GBR,GBR,2023,6.221,HIGH
GBR,GBR,2024,6.673,HIGH
GEO,GEO,2010,5.373,HIGH
GEO,GEO,2011,5.914,HIGH
GEO,GEO,2012,6.498,HIGH
GEO,GEO,2013,6.173,HIGH
GEO,GEO,2014,5.641,HIGH
GEO,GEO,2015,5.08,HIGH
GEO,GEO,2016,5.306,HIGH
GEO,GEO,2017,5.811,HIGH
GEO,GEO,2018,5.933,HIGH
GEO,GEO,2019,5.567,HIGH
GEO,GEO,2020,4.491,HIGH
GEO,GEO,2021,5.538,HIGH
GEO,GEO,2022,6.285,HIGH
GEO,GEO,2023,6.564,HIGH
GEO,GEO,2024,6.01,HIGH
GHA,Ghana,2010,5.856,HIGH
GHA,Ghana,2011,5.705,HIGH
GHA,Ghana,2012,5.578,HIGH
GHA,Ghana,2013,5.415,HIGH
GHA,Ghana,2014,4.272,HIGH
GHA,Ghana,2015,3.657,HIGH
GHA,Ghana,2016,3.966,HIGH
GHA,Ghana,2017,4.958,HIGH
GHA,Ghana,2018,4.872,HIGH
GHA,Ghana,2019,5.275,HIGH
GHA,Ghana,2020,4.526,HIGH
GHA,Ghana,2021,3.304,HIGH
GHA,Ghana,2022,3.186,HIGH
GHA,Ghana,2023,3.635,HIGH
GHA,Ghana,2024,4.634,HIGH
GIN,GIN,2010,3.553,HIGH
GIN,GIN,2011,3.75,HIGH
GIN,GIN,2012,4.08,HIGH
GIN,GIN,2013,3.572,HIGH
GIN,GIN,2014,3.797,HIGH
GIN,GIN,2015,3.798,HIGH
GIN,GIN,2016,5.06,HIGH
GIN,GIN,2017,5.018,HIGH
GIN,GIN,2018,4.527,HIGH
GIN,GIN,2019,3.725,HIGH
GIN,GIN,2020,5.004,HIGH
GIN,GIN,2021,3.808,HIGH
GIN,GIN,2022,3.517,HIGH
GIN,GIN,2023,3.996,HIGH
GIN,GIN,2024,3.898,HIGH
GMB,GMB,2010,3.886,HIGH
GMB,GMB,2011,3.254,HIGH
GMB,GMB,2012,3.275,HIGH
GMB,GMB,2013,2.365,HIGH
GMB,GMB,2014,2.1,HIGH
GMB,GMB,2015,2.518,HIGH
GMB,GMB,2016,2.504,HIGH
GMB,GMB,2017,4.45,HIGH
GMB,GMB,2018,5.639,HIGH
GMB,GMB,2019,4.682,HIGH
GMB,GMB,2020,4.491,HIGH
GMB,GMB,2021,4.138,HIGH
GMB,GMB,2022,5.202,HIGH
GMB,GMB,2023,5.549,HIGH
GMB,GMB,2024,5.286,HIGH
GNB,GNB,2010,3.399,HIGH
GNB,GNB,2011,4.282,HIGH
GNB,GNB,2012,1.943,HIGH
GNB,GNB,2013,2.214,HIGH
GNB,GNB,2014,2.362,HIGH
GNB,GNB,2015,3.114,HIGH
GNB,GNB,2016,3.875,HIGH
GNB,GNB,2017,4.075,HIGH
GNB,GNB,2018,4.125,HIGH
GNB,GNB,2019,3.203,HIGH
GNB,GNB,2020,3.87,HIGH
GNB,GNB,2021,3.019,HIGH
GNB,GNB,2022,2.837,HIGH
GNB,GNB,2023,3.155,HIGH
GNB,GNB,2024,2.76,HIGH
GRC,GRC,2010,4.398,HIGH
GRC,GRC,2011,4.216,HIGH
GRC,GRC,2012,2.998,HIGH
GRC,GRC,2013,3.773,HIGH
GRC,GRC,2014,4.197,HIGH
GRC,GRC,2015,4.238,HIGH
GRC,GRC,2016,4.266,HIGH
GRC,GRC,2017,3.903,HIGH
GRC,GRC,2018,4.594,HIGH
GRC,GRC,2019,5.54,HIGH
GRC,GRC,2020,5.251,HIGH
GRC,GRC,2021,6.712,HIGH
GRC,GRC,2022,6.779,HIGH
GRC,GRC,2023,5.88,HIGH
GRC,GRC,2024,5.259,HIGH
GTM,Guatemala,2010,4.701,HIGH
GTM,Guatemala,2011,5.29,HIGH
GTM,Guatemala,2012,4.79,HIGH
GTM,Guatemala,2013,4.837,HIGH
GTM,Guatemala,2014,5.158,HIGH
GTM,Guatemala,2015,5.378,HIGH
GTM,Guatemala,2016,4.747,HIGH
GTM,Guatemala,2017,4.664,HIGH
GTM,Guatemala,2018,4.582,HIGH
GTM,Guatemala,2019,4.596,HIGH
GTM,Guatemala,2020,5.058,HIGH
GTM,Guatemala,2021,5.654,HIGH
GTM,Guatemala,2022,4.93,HIGH
GTM,Guatemala,2023,4.99,HIGH
GTM,Guatemala,2024,5.113,HIGH
GUY,GUY,2010,5.841,MEDIUM
GUY,GUY,2011,5.847,MEDIUM
GUY,GUY,2012,4.617,MEDIUM
GUY,GUY,2013,4.881,MEDIUM
GUY,GUY,2014,4.578,MEDIUM
GUY,GUY,2015,4.753,MEDIUM
GUY,GUY,2016,5.132,MEDIUM
GUY,GUY,2017,5.745,MEDIUM
GUY,GUY,2018,6.297,MEDIUM
GUY,GUY,2019,6.669,MEDIUM
GUY,GUY,2020,6.09,MEDIUM
GUY,GUY,2021,3.568,MEDIUM
GUY,GUY,2022,4.354,MEDIUM
GUY,GUY,2023,4.6,MEDIUM
GUY,GUY,2024,4.767,MEDIUM
HND,Honduras,2010,5.527,HIGH
HND,Honduras,2011,6.202,HIGH
HND,Honduras,2012,4.846,HIGH
HND,Honduras,2013,3.791,HIGH
HND,Honduras,2014,3.678,HIGH
HND,Honduras,2015,4.951,HIGH
HND,Honduras,2016,5.043,HIGH
HND,Honduras,2017,5.725,HIGH
HND,Honduras,2018,5.459,HIGH
HND,Honduras,2019,5.101,HIGH
HND,Honduras,2020,3.66,HIGH
HND,Honduras,2021,5.132,HIGH
HND,Honduras,2022,4.761,HIGH
HND,Honduras,2023,4.588,HIGH
HND,Honduras,2024,4.678,HIGH
HRV,HRV,2010,5.267,HIGH
HRV,HRV,2011,5.402,HIGH
HRV,HRV,2012,4.544,HIGH
HRV,HRV,2013,4.639,HIGH
HRV,HRV,2014,4.974,HIGH
HRV,HRV,2015,5.585,HIGH
HRV,HRV,2016,6.396,HIGH
HRV,HRV,2017,6.388,HIGH
HRV,HRV,2018,6.361,HIGH
HRV,HRV,2019,6.778,HIGH
HRV,HRV,2020,5.464,HIGH
HRV,HRV,2021,7.325,HIGH
HRV,HRV,2022,7.697,HIGH
HRV,HRV,2023,7.339,HIGH
HRV,HRV,2024,7.218,HIGH
HTI,HTI,2010,2.995,HIGH
HTI,HTI,2011,4.359,HIGH
HTI,HTI,2012,3.158,HIGH
HTI,HTI,2013,3.741,HIGH
HTI,HTI,2014,3.594,HIGH
HTI,HTI,2015,3.698,HIGH
HTI,HTI,2016,3.589,HIGH
HTI,HTI,2017,3.587,HIGH
HTI,HTI,2018,3.573,HIGH
HTI,HTI,2019,3.25,HIGH
HTI,HTI,2020,3.498,HIGH
HTI,HTI,2021,2.532,HIGH
HTI,HTI,2022,2.142,HIGH
HTI,HTI,2023,2.024,HIGH
HTI,HTI,2024,1.939,HIGH
HUN,HUN,2010,6.202,HIGH
HUN,HUN,2011,7.195,HIGH
HUN,HUN,2012,6.111,HIGH
HUN,HUN,2013,6.813,HIGH
HUN,HUN,2014,6.915,HIGH
HUN,HUN,2015,6.387,HIGH
HUN,HUN,2016,6.953,HIGH
HUN,HUN,2017,7.085,HIGH
HUN,HUN,2018,7.425,HIGH
HUN,HUN,2019,7.484,HIGH
HUN,HUN,2020,6.748,HIGH
HUN,HUN,2021,7.107,HIGH
HUN,HUN,2022,6.695,HIGH
HUN,HUN,2023,5.966,HIGH
HUN,HUN,2024,5.479,HIGH
IDN,Indonesia,2010,7.21,HIGH
IDN,Indonesia,2011,7.451,HIGH
IDN,Indonesia,2012,7.85,HIGH
IDN,Indonesia,2013,7.451,HIGH
IDN,Indonesia,2014,6.552,HIGH
IDN,Indonesia,2015,6.293,HIGH
IDN,Indonesia,2016,6.794,HIGH
IDN,Indonesia,2017,7.472,HIGH
IDN,Indonesia,2018,7.741,HIGH
IDN,Indonesia,2019,7.281,HIGH
IDN,Indonesia,2020,7.302,HIGH
IDN,Indonesia,2021,6.765,HIGH
IDN,Indonesia,2022,7.058,HIGH
IDN,Indonesia,2023,7.326,HIGH
IDN,Indonesia,2024,7.225,HIGH
IND,India,2010,6.54,HIGH
IND,India,2011,6.03,HIGH
IND,India,2012,4.327,HIGH
IND,India,2013,4.451,HIGH
IND,India,2014,4.737,HIGH
IND,India,2015,5.519,HIGH
IND,India,2016,6.329,HIGH
IND,India,2017,6.379,HIGH
IND,India,2018,6.828,HIGH
IND,India,2019,5.351,HIGH
IND,India,2020,5.166,HIGH
IND,India,2021,5.525,HIGH
IND,India,2022,5.669,HIGH
IND,India,2023,6.474,HIGH
IND,India,2024,6.412,HIGH
IRL,IRL,2010,7.12,HIGH
IRL,IRL,2011,7.015,HIGH
IRL,IRL,2012,6.493,HIGH
IRL,IRL,2013,7.466,HIGH
IRL,IRL,2014,8.39,HIGH
IRL,IRL,2015,8.964,HIGH
IRL,IRL,2016,8.376,HIGH
IRL,IRL,2017,8.455,HIGH
IRL,IRL,2018,8.302,HIGH
IRL,IRL,2019,7.433,HIGH
IRL,IRL,2020,8.165,HIGH
IRL,IRL,2021,7.906,HIGH
IRL,IRL,2022,7.994,HIGH
IRL,IRL,2023,6.887,HIGH
IRL,IRL,2024,7.849,HIGH
IRN,IRN,2010,2.395,HIGH
IRN,IRN,2011,3.022,HIGH
IRN,IRN,2012,1.86,HIGH
IRN,IRN,2013,1.884,HIGH
IRN,IRN,2014,1.86,HIGH
IRN,IRN,2015,1.86,HIGH
IRN,IRN,2016,2.019,HIGH
IRN,IRN,2017,2.591,HIGH
IRN,IRN,2018,2.012,HIGH
IRN,IRN,2019,1.86,HIGH
IRN,IRN,2020,2.989,HIGH
IRN,IRN,2021,2.675,HIGH
IRN,IRN,2022,2.057,HIGH
IRN,IRN,2023,1.86,HIGH
IRN,IRN,2024,2.206,HIGH
IRQ,IRQ,2010,4.059,HIGH
IRQ,IRQ,2011,4.297,HIGH
IRQ,IRQ,2012,2.452,HIGH
IRQ,IRQ,2013,1.949,HIGH
IRQ,IRQ,2014,3.115,HIGH
IRQ,IRQ,2015,2.772,HIGH
IRQ,IRQ,2016,3.07,HIGH
IRQ,IRQ,2017,2.603,HIGH
IRQ,IRQ,2018,3.381,HIGH
IRQ,IRQ,2019,2.343,HIGH
IRQ,IRQ,2020,3.905,HIGH
IRQ,IRQ,2021,3.964,HIGH
IRQ,IRQ,2022,4.297,HIGH
IRQ,IRQ,2023,3.441,HIGH
IRQ,IRQ,2024,3.661,HIGH
ISL,ISL,2010,5.426,HIGH
ISL,ISL,2011,7.035,HIGH
ISL,ISL,2012,7.372,HIGH
ISL,ISL,2013,7.571,HIGH
ISL,ISL,2014,7.215,HIGH
ISL,ISL,2015,7.374,HIGH
ISL,ISL,2016,7.608,HIGH
ISL,ISL,2017,6.903,HIGH
ISL,ISL,2018,7.898,HIGH
ISL,ISL,2019,6.596,HIGH
ISL,ISL,2020,5.971,HIGH
ISL,ISL,2021,7.132,HIGH
ISL,ISL,2022,7.257,HIGH
ISL,ISL,2023,7.05,HIGH
ISL,ISL,2024,6.863,HIGH
ISR,ISR,2010,8.315,HIGH
ISR,ISR,2011,8.437,HIGH
ISR,ISR,2012,7.735,HIGH
ISR,ISR,2013,8.206,HIGH
ISR,ISR,2014,7.996,HIGH
ISR,ISR,2015,7.624,HIGH
ISR,ISR,2016,8.251,HIGH
ISR,ISR,2017,7.863,HIGH
ISR,ISR,2018,7.753,HIGH
ISR,ISR,2019,6.725,HIGH
ISR,ISR,2020,6.692,HIGH
ISR,ISR,2021,7.245,HIGH
ISR,ISR,2022,7.232,HIGH
ISR,ISR,2023,6.191,HIGH
ISR,ISR,2024,5.789,HIGH
ITA,ITA,2010,6.248,HIGH
ITA,ITA,2011,6.157,HIGH
ITA,ITA,2012,4.995,HIGH
ITA,ITA,2013,4.851,HIGH
ITA,ITA,2014,4.991,HIGH
ITA,ITA,2015,5.019,HIGH
ITA,ITA,2016,5.054,HIGH
ITA,ITA,2017,4.786,HIGH
ITA,ITA,2018,4.699,HIGH
ITA,ITA,2019,5.538,HIGH
ITA,ITA,2020,5.342,HIGH
ITA,ITA,2021,6.986,HIGH
ITA,ITA,2022,7.254,HIGH
ITA,ITA,2023,6.925,HIGH
ITA,ITA,2024,6.782,HIGH
JAM,JAM,2010,4.12,MEDIUM
JAM,JAM,2011,5.21,MEDIUM
JAM,JAM,2012,3.993,MEDIUM
JAM,JAM,2013,4.748,MEDIUM
JAM,JAM,2014,4.542,MEDIUM
JAM,JAM,2015,5.294,MEDIUM
JAM,JAM,2016,5.93,MEDIUM
JAM,JAM,2017,6.231,MEDIUM
JAM,JAM,2018,6.517,MEDIUM
JAM,JAM,2019,5.101,MEDIUM
JAM,JAM,2020,3.664,MEDIUM
JAM,JAM,2021,5.742,MEDIUM
JAM,JAM,2022,6.568,MEDIUM
JAM,JAM,2023,6.52,MEDIUM
JAM,JAM,2024,5.481,MEDIUM
JOR,JOR,2010,5.986,HIGH
JOR,JOR,2011,6.139,HIGH
JOR,JOR,2012,6.118,HIGH
JOR,JOR,2013,5.287,HIGH
JOR,JOR,2014,4.771,HIGH
JOR,JOR,2015,4.403,HIGH
JOR,JOR,2016,4.407,HIGH
JOR,JOR,2017,4.992,HIGH
JOR,JOR,2018,4.35,HIGH
JOR,JOR,2019,4.368,HIGH
JOR,JOR,2020,4.359,HIGH
JOR,JOR,2021,3.791,HIGH
JOR,JOR,2022,4.342,HIGH
JOR,JOR,2023,4.878,HIGH
JOR,JOR,2024,4.849,HIGH
JPN,JPN,2010,8.67,HIGH
JPN,JPN,2011,7.761,HIGH
JPN,JPN,2012,7.624,HIGH
JPN,JPN,2013,8.011,HIGH
JPN,JPN,2014,7.127,HIGH
JPN,JPN,2015,7.687,HIGH
JPN,JPN,2016,7.831,HIGH
JPN,JPN,2017,8.254,HIGH
JPN,JPN,2018,8.105,HIGH
JPN,JPN,2019,7.387,HIGH
JPN,JPN,2020,7.798,HIGH
JPN,JPN,2021,7.878,HIGH
JPN,JPN,2022,7.636,HIGH
JPN,JPN,2023,8.157,HIGH
JPN,JPN,2024,7.571,HIGH
KAZ,Kazakhstan,2010,6.786,HIGH
KAZ,Kazakhstan,2011,6.56,HIGH
KAZ,Kazakhstan,2012,6.556,HIGH
KAZ,Kazakhstan,2013,6.698,HIGH
KAZ,Kazakhstan,2014,5.341,HIGH
KAZ,Kazakhstan,2015,4.854,HIGH
KAZ,Kazakhstan,2016,4.996,HIGH
KAZ,Kazakhstan,2017,5.771,HIGH
KAZ,Kazakhstan,2018,5.631,HIGH
KAZ,Kazakhstan,2019,6.8,HIGH
KAZ,Kazakhstan,2020,6.656,HIGH
KAZ,Kazakhstan,2021,5.271,HIGH
KAZ,Kazakhstan,2022,4.812,HIGH
KAZ,Kazakhstan,2023,5.12,HIGH
KAZ,Kazakhstan,2024,5.252,HIGH
KEN,Kenya,2010,6.147,HIGH
KEN,Kenya,2011,5.171,HIGH
KEN,Kenya,2012,5.339,HIGH
KEN,Kenya,2013,4.909,HIGH
KEN,Kenya,2014,6.026,HIGH
KEN,Kenya,2015,5.311,HIGH
KEN,Kenya,2016,4.843,HIGH
KEN,Kenya,2017,4.924,HIGH
KEN,Kenya,2018,5.215,HIGH
KEN,Kenya,2019,4.65,HIGH
KEN,Kenya,2020,5.194,HIGH
KEN,Kenya,2021,5.233,HIGH
KEN,Kenya,2022,5.446,HIGH
KEN,Kenya,2023,5.335,HIGH
KEN,Kenya,2024,5.024,HIGH
KGZ,KGZ,2010,4.083,HIGH
KGZ,KGZ,2011,5.995,HIGH
KGZ,KGZ,2012,5.102,HIGH
KGZ,KGZ,2013,6.747,HIGH
KGZ,KGZ,2014,4.509,HIGH
KGZ,KGZ,2015,4.686,HIGH
KGZ,KGZ,2016,5.318,HIGH
KGZ,KGZ,2017,5.567,HIGH
KGZ,KGZ,2018,5.661,HIGH
KGZ,KGZ,2019,6.236,HIGH
KGZ,KGZ,2020,3.725,HIGH
KGZ,KGZ,2021,4.257,HIGH
KGZ,KGZ,2022,4.517,HIGH
KGZ,KGZ,2023,4.975,HIGH
KGZ,KGZ,2024,5.471,HIGH
KHM,KHM,2010,6.417,HIGH
KHM,KHM,2011,6.243,HIGH
KHM,KHM,2012,6.866,HIGH
KHM,KHM,2013,7.014,HIGH
KHM,KHM,2014,6.624,HIGH
KHM,KHM,2015,5.67,HIGH
KHM,KHM,2016,5.689,HIGH
KHM,KHM,2017,5.898,HIGH
KHM,KHM,2018,6.402,HIGH
KHM,KHM,2019,6.241,HIGH
KHM,KHM,2020,5.715,HIGH
KHM,KHM,2021,4.891,HIGH
KHM,KHM,2022,5.817,HIGH
KHM,KHM,2023,6.02,HIGH
KHM,KHM,2024,6.709,HIGH
KOR,KOR,2010,9.2,HIGH
KOR,KOR,2011,8.945,HIGH
KOR,KOR,2012,8.493,HIGH
KOR,KOR,2013,8.671,HIGH
KOR,KOR,2014,8.613,HIGH
KOR,KOR,2015,8.234,HIGH
KOR,KOR,2016,7.984,HIGH
KOR,KOR,2017,7.871,HIGH
KOR,KOR,2018,8.2,HIGH
KOR,KOR,2019,8.112,HIGH
KOR,KOR,2020,8.533,HIGH
KOR,KOR,2021,8.269,HIGH
KOR,KOR,2022,8.036,HIGH
KOR,KOR,2023,8.081,HIGH
KOR,KOR,2024,7.835,HIGH
KWT,KWT,2010,4.574,MEDIUM
KWT,KWT,2011,5.526,MEDIUM
KWT,KWT,2012,4.838,MEDIUM
KWT,KWT,2013,4.494,HIGH
KWT,KWT,2014,2.841,HIGH
KWT,KWT,2015,2.93,HIGH
KWT,KWT,2016,3.333,HIGH
KWT,KWT,2017,2.873,HIGH
KWT,KWT,2018,3.739,HIGH
KWT,KWT,2019,4.476,HIGH
KWT,KWT,2020,4.934,HIGH
KWT,KWT,2021,4.802,HIGH
KWT,KWT,2022,5.465,HIGH
KWT,KWT,2023,4.725,HIGH
KWT,KWT,2024,4.693,HIGH
LAO,LAO,2010,4.496,HIGH
LAO,LAO,2011,4.585,HIGH
LAO,LAO,2012,4.654,HIGH
LAO,LAO,2013,4.928,HIGH
LAO,LAO,2014,5.143,HIGH
LAO,LAO,2015,5.294,HIGH
LAO,LAO,2016,5.235,HIGH
LAO,LAO,2017,4.57,HIGH
LAO,LAO,2018,3.958,HIGH
LAO,LAO,2019,3.238,HIGH
LAO,LAO,2020,3.827,HIGH
LAO,LAO,2021,3.76,HIGH
LAO,LAO,2022,3.924,HIGH
LAO,LAO,2023,4.369,HIGH
LAO,LAO,2024,4.643,HIGH
LBN,LBN,2010,5.355,HIGH
LBN,LBN,2011,4.849,HIGH
LBN,LBN,2012,3.821,HIGH
LBN,LBN,2013,4.033,HIGH
LBN,LBN,2014,3.165,HIGH
LBN,LBN,2015,2.968,HIGH
LBN,LBN,2016,2.924,HIGH
LBN,LBN,2017,2.877,HIGH
LBN,LBN,2018,3.191,HIGH
LBN,LBN,2019,2.525,HIGH
LBN,LBN,2020,2.722,HIGH
LBN,LBN,2021,2.156,HIGH
LBN,LBN,2022,2.191,HIGH
LBN,LBN,2023,2.18,HIGH
LBN,LBN,2024,1.952,HIGH
LBR,LBR,2010,4.388,MEDIUM
LBR,LBR,2011,4.257,MEDIUM
LBR,LBR,2012,4.054,MEDIUM
LBR,LBR,2013,3.858,MEDIUM
LBR,LBR,2014,3.222,MEDIUM
LBR,LBR,2015,2.966,MEDIUM
LBR,LBR,2016,2.775,MEDIUM
LBR,LBR,2017,2.808,MEDIUM
LBR,LBR,2018,2.541,MEDIUM
LBR,LBR,2019,2.474,MEDIUM
LBR,LBR,2020,2.962,MEDIUM
LBR,LBR,2021,3.289,MEDIUM
LBR,LBR,2022,3.585,MEDIUM
LBR,LBR,2023,2.589,MEDIUM
LBR,LBR,2024,3.113,MEDIUM
LBY,LBY,2010,1.507,MEDIUM
LBY,LBY,2011,2.769,MEDIUM
LBY,LBY,2012,2.196,MEDIUM
LBY,LBY,2013,1.507,MEDIUM
LBY,LBY,2014,2.163,MEDIUM
LBY,LBY,2015,1.763,MEDIUM
LBY,LBY,2016,1.801,MEDIUM
LBY,LBY,2017,2.929,MEDIUM
LBY,LBY,2018,1.673,MEDIUM
LBY,LBY,2019,1.776,MEDIUM
LBY,LBY,2020,1.927,MEDIUM
LBY,LBY,2021,2.333,MEDIUM
LBY,LBY,2022,2.924,MEDIUM
LBY,LBY,2023,1.636,MEDIUM
LBY,LBY,2024,1.737,MEDIUM
LKA,Sri Lanka,2010,7.502,MEDIUM
LKA,Sri Lanka,2011,7.697,MEDIUM
LKA,Sri Lanka,2012,6.823,MEDIUM
LKA,Sri Lanka,2013,6.146,MEDIUM
LKA,Sri Lanka,2014,6.203,MEDIUM
LKA,Sri Lanka,2015,6.429,HIGH
LKA,Sri Lanka,2016,6.79,HIGH
LKA,Sri Lanka,2017,7.433,HIGH
LKA,Sri Lanka,2018,6.546,HIGH
LKA,Sri Lanka,2019,5.499,HIGH
LKA,Sri Lanka,2020,5.075,HIGH
LKA,Sri Lanka,2021,4.924,HIGH
LKA,Sri Lanka,2022,3.048,HIGH
LKA,Sri Lanka,2023,3.856,HIGH
LKA,Sri Lanka,2024,6.554,HIGH
LSO,LSO,2010,5.69,HIGH
LSO,LSO,2011,5.449,HIGH
LSO,LSO,2012,6.02,HIGH
LSO,LSO,2013,5.041,HIGH
LSO,LSO,2014,4.282,HIGH
LSO,LSO,2015,5.317,HIGH
LSO,LSO,2016,4.65,HIGH
LSO,LSO,2017,3.229,HIGH
LSO,LSO,2018,2.719,HIGH
LSO,LSO,2019,2.484,HIGH
LSO,LSO,2020,2.738,HIGH
LSO,LSO,2021,3.264,HIGH
LSO,LSO,2022,3.36,HIGH
LSO,LSO,2023,3.587,HIGH
LSO,LSO,2024,4.42,HIGH
LTU,LTU,2010,6.398,HIGH
LTU,LTU,2011,7.927,HIGH
LTU,LTU,2012,7.387,HIGH
LTU,LTU,2013,7.894,HIGH
LTU,LTU,2014,7.516,HIGH
LTU,LTU,2015,7.475,HIGH
LTU,LTU,2016,7.609,HIGH
LTU,LTU,2017,8.01,HIGH
LTU,LTU,2018,7.839,HIGH
LTU,LTU,2019,7.658,HIGH
LTU,LTU,2020,7.905,HIGH
LTU,LTU,2021,7.751,HIGH
LTU,LTU,2022,7.54,HIGH
LTU,LTU,2023,7.087,HIGH
LTU,LTU,2024,7.643,HIGH
LUX,LUX,2010,7.932,HIGH
LUX,LUX,2011,7.433,HIGH
LUX,LUX,2012,7.176,HIGH
LUX,LUX,2013,7.694,HIGH
LUX,LUX,2014,7.314,HIGH
LUX,LUX,2015,7.254,HIGH
LUX,LUX,2016,7.433,HIGH
LUX,LUX,2017,5.87,HIGH
LUX,LUX,2018,6.387,HIGH
LUX,LUX,2019,7.18,HIGH
LUX,LUX,2020,7.241,HIGH
LUX,LUX,2021,7.289,HIGH
LUX,LUX,2022,4.731,HIGH
LUX,LUX,2023,5.705,HIGH
LUX,LUX,2024,6.537,HIGH
LVA,LVA,2010,5.53,HIGH
LVA,LVA,2011,7.715,HIGH
LVA,LVA,2012,7.643,HIGH
LVA,LVA,2013,7.642,HIGH
LVA,LVA,2014,7.668,HIGH
LVA,LVA,2015,7.627,HIGH
LVA,LVA,2016,7.097,HIGH
LVA,LVA,2017,7.05,HIGH
LVA,LVA,2018,7.107,HIGH
LVA,LVA,2019,6.937,HIGH
LVA,LVA,2020,7.629,HIGH
LVA,LVA,2021,7.841,HIGH
LVA,LVA,2022,7.133,HIGH
LVA,LVA,2023,6.832,HIGH
LVA,LVA,2024,6.764,HIGH
MAR,Morocco,2010,6.291,HIGH
MAR,Morocco,2011,6.717,HIGH
MAR,Morocco,2012,6.055,HIGH
MAR,Morocco,2013,6.061,HIGH
MAR,Morocco,2014,5.663,HIGH
MAR,Morocco,2015,5.751,HIGH
MAR,Morocco,2016,5.074,HIGH
MAR,Morocco,2017,6.02,HIGH
MAR,Morocco,2018,5.69,HIGH
MAR,Morocco,2019,5.355,HIGH
MAR,Morocco,2020,5.035,HIGH
MAR,Morocco,2021,5.565,HIGH
MAR,Morocco,2022,4.591,HIGH
MAR,Morocco,2023,5.665,HIGH
MAR,Morocco,2024,6.063,HIGH
MDA,MDA,2010,7.039,HIGH
MDA,MDA,2011,7.145,HIGH
MDA,MDA,2012,4.766,HIGH
MDA,MDA,2013,6.412,HIGH
MDA,MDA,2014,5.617,HIGH
MDA,MDA,2015,3.808,HIGH
MDA,MDA,2016,5.157,HIGH
MDA,MDA,2017,5.153,HIGH
MDA,MDA,2018,5.883,HIGH
MDA,MDA,2019,6.005,HIGH
MDA,MDA,2020,4.737,HIGH
MDA,MDA,2021,6.513,HIGH
MDA,MDA,2022,4.888,HIGH
MDA,MDA,2023,5.539,HIGH
MDA,MDA,2024,4.992,HIGH
MDG,MDG,2010,3.784,HIGH
MDG,MDG,2011,4.066,HIGH
MDG,MDG,2012,3.831,HIGH
MDG,MDG,2013,3.202,HIGH
MDG,MDG,2014,3.394,HIGH
MDG,MDG,2015,3.063,HIGH
MDG,MDG,2016,3.639,HIGH
MDG,MDG,2017,4.424,HIGH
MDG,MDG,2018,3.936,HIGH
MDG,MDG,2019,3.813,HIGH
MDG,MDG,2020,2.684,HIGH
MDG,MDG,2021,3.263,HIGH
MDG,MDG,2022,3.09,HIGH
MDG,MDG,2023,2.807,HIGH
MDG,MDG,2024,3.546,HIGH
MEX,Mexico,2010,7.996,HIGH
MEX,Mexico,2011,7.452,HIGH
MEX,Mexico,2012,6.726,HIGH
MEX,Mexico,2013,5.812,HIGH
MEX,Mexico,2014,6.388,HIGH
MEX,Mexico,2015,6.571,HIGH
MEX,Mexico,2016,6.112,HIGH
MEX,Mexico,2017,5.756,HIGH
MEX,Mexico,2018,5.738,HIGH
MEX,Mexico,2019,4.854,HIGH
MEX,Mexico,2020,4.69,HIGH
MEX,Mexico,2021,5.861,HIGH
MEX,Mexico,2022,5.91,HIGH
MEX,Mexico,2023,6.101,HIGH
MEX,Mexico,2024,5.719,HIGH
MKD,MKD,2010,4.857,HIGH
MKD,MKD,2011,4.757,HIGH
MKD,MKD,2012,4.279,HIGH
MKD,MKD,2013,4.993,HIGH
MKD,MKD,2014,5.225,HIGH
MKD,MKD,2015,4.988,HIGH
MKD,MKD,2016,4.307,HIGH
MKD,MKD,2017,3.714,HIGH
MKD,MKD,2018,5.02,HIGH
MKD,MKD,2019,5.492,HIGH
MKD,MKD,2020,5.182,HIGH
MKD,MKD,2021,5.575,HIGH
MKD,MKD,2022,5.462,HIGH
MKD,MKD,2023,5.721,HIGH
MKD,MKD,2024,5.792,HIGH
MLI,MLI,2010,4.726,HIGH
MLI,MLI,2011,4.417,HIGH
MLI,MLI,2012,2.693,HIGH
MLI,MLI,2013,3.0,HIGH
MLI,MLI,2014,3.166,HIGH
MLI,MLI,2015,3.86,HIGH
MLI,MLI,2016,4.296,HIGH
MLI,MLI,2017,3.978,HIGH
MLI,MLI,2018,3.89,HIGH
MLI,MLI,2019,3.57,HIGH
MLI,MLI,2020,3.111,HIGH
MLI,MLI,2021,2.572,HIGH
MLI,MLI,2022,2.441,HIGH
MLI,MLI,2023,2.412,HIGH
MLI,MLI,2024,2.51,HIGH
MLT,MLT,2010,8.259,HIGH
MLT,MLT,2011,7.268,HIGH
MLT,MLT,2012,6.559,HIGH
MLT,MLT,2013,6.714,HIGH
MLT,MLT,2014,6.485,HIGH
MLT,MLT,2015,6.772,HIGH
MLT,MLT,2016,6.428,HIGH
MLT,MLT,2017,7.551,HIGH
MLT,MLT,2018,7.724,HIGH
MLT,MLT,2019,6.895,HIGH
MLT,MLT,2020,6.469,HIGH
MLT,MLT,2021,6.464,HIGH
MLT,MLT,2022,5.869,HIGH
MLT,MLT,2023,6.519,HIGH
MLT,MLT,2024,6.344,HIGH
MMR,MMR,2010,1.579,MEDIUM
MMR,MMR,2011,2.696,MEDIUM
MMR,MMR,2012,2.048,MEDIUM
MMR,MMR,2013,2.042,MEDIUM
MMR,MMR,2014,1.916,MEDIUM
MMR,MMR,2015,1.735,MEDIUM
MMR,MMR,2016,1.773,MEDIUM
MMR,MMR,2017,1.864,MEDIUM
MMR,MMR,2018,1.876,MEDIUM
MMR,MMR,2019,2.097,MEDIUM
MMR,MMR,2020,2.253,MEDIUM
MMR,MMR,2021,1.645,MEDIUM
MMR,MMR,2022,1.579,MEDIUM
MMR,MMR,2023,2.017,MEDIUM
MMR,MMR,2024,1.579,MEDIUM
MNE,MNE,2010,5.439,HIGH
MNE,MNE,2011,5.457,HIGH
MNE,MNE,2012,3.491,HIGH
MNE,MNE,2013,4.602,HIGH
MNE,MNE,2014,4.728,HIGH
MNE,MNE,2015,5.231,HIGH
MNE,MNE,2016,5.227,HIGH
MNE,MNE,2017,5.264,HIGH
MNE,MNE,2018,6.341,HIGH
MNE,MNE,2019,6.149,HIGH
MNE,MNE,2020,3.605,HIGH
MNE,MNE,2021,5.602,HIGH
MNE,MNE,2022,5.727,HIGH
MNE,MNE,2023,6.644,HIGH
MNE,MNE,2024,5.907,HIGH
MNG,Mongolia,2010,4.648,HIGH
MNG,Mongolia,2011,5.034,HIGH
MNG,Mongolia,2012,6.597,HIGH
MNG,Mongolia,2013,6.367,HIGH
MNG,Mongolia,2014,5.318,HIGH
MNG,Mongolia,2015,3.859,HIGH
MNG,Mongolia,2016,3.645,HIGH
MNG,Mongolia,2017,4.557,HIGH
MNG,Mongolia,2018,5.344,HIGH
MNG,Mongolia,2019,5.608,HIGH
MNG,Mongolia,2020,4.456,HIGH
MNG,Mongolia,2021,3.999,HIGH
MNG,Mongolia,2022,4.122,HIGH
MNG,Mongolia,2023,4.759,HIGH
MNG,Mongolia,2024,4.282,HIGH
MOZ,Mozambique,2010,4.202,HIGH
MOZ,Mozambique,2011,4.98,HIGH
MOZ,Mozambique,2012,4.479,HIGH
MOZ,Mozambique,2013,3.438,HIGH
MOZ,Mozambique,2014,3.286,HIGH
MOZ,Mozambique,2015,2.849,HIGH
MOZ,Mozambique,2016,1.934,HIGH
MOZ,Mozambique,2017,2.37,HIGH
MOZ,Mozambique,2018,2.513,HIGH
MOZ,Mozambique,2019,3.272,HIGH
MOZ,Mozambique,2020,3.679,HIGH
MOZ,Mozambique,2021,3.407,HIGH
MOZ,Mozambique,2022,3.201,HIGH
MOZ,Mozambique,2023,2.802,HIGH
MOZ,Mozambique,2024,2.21,HIGH
MRT,MRT,2010,3.683,HIGH
MRT,MRT,2011,4.218,HIGH
MRT,MRT,2012,3.536,HIGH
MRT,MRT,2013,3.158,HIGH
MRT,MRT,2014,3.149,HIGH
MRT,MRT,2015,3.78,HIGH
MRT,MRT,2016,3.241,HIGH
MRT,MRT,2017,4.639,HIGH
MRT,MRT,2018,4.763,HIGH
MRT,MRT,2019,4.266,HIGH
MRT,MRT,2020,5.139,HIGH
MRT,MRT,2021,3.654,HIGH
MRT,MRT,2022,4.144,HIGH
MRT,MRT,2023,3.621,HIGH
MRT,MRT,2024,4.195,HIGH
MUS,MUS,2010,7.306,HIGH
MUS,MUS,2011,7.112,HIGH
MUS,MUS,2012,7.532,HIGH
MUS,MUS,2013,6.948,HIGH
MUS,MUS,2014,6.77,HIGH
MUS,MUS,2015,5.912,HIGH
MUS,MUS,2016,5.749,HIGH
MUS,MUS,2017,5.841,HIGH
MUS,MUS,2018,5.993,HIGH
MUS,MUS,2019,6.115,HIGH
MUS,MUS,2020,4.021,HIGH
MUS,MUS,2021,5.063,HIGH
MUS,MUS,2022,5.735,HIGH
MUS,MUS,2023,6.313,HIGH
MUS,MUS,2024,5.822,HIGH
MWI,MWI,2010,5.34,MEDIUM
MWI,MWI,2011,5.257,MEDIUM
MWI,MWI,2012,3.04,MEDIUM
MWI,MWI,2013,3.868,MEDIUM
MWI,MWI,2014,3.499,MEDIUM
MWI,MWI,2015,3.592,MEDIUM
MWI,MWI,2016,4.094,MEDIUM
MWI,MWI,2017,4.322,HIGH
MWI,MWI,2018,4.297,HIGH
MWI,MWI,2019,4.736,HIGH
MWI,MWI,2020,4.912,HIGH
MWI,MWI,2021,3.84,HIGH
MWI,MWI,2022,3.107,HIGH
MWI,MWI,2023,3.561,HIGH
MWI,MWI,2024,3.818,HIGH
MYS,Malaysia,2010,8.142,HIGH
MYS,Malaysia,2011,7.652,HIGH
MYS,Malaysia,2012,7.195,HIGH
MYS,Malaysia,2013,7.148,HIGH
MYS,Malaysia,2014,7.06,HIGH
MYS,Malaysia,2015,6.655,HIGH
MYS,Malaysia,2016,6.233,HIGH
MYS,Malaysia,2017,6.499,HIGH
MYS,Malaysia,2018,6.784,HIGH
MYS,Malaysia,2019,7.26,HIGH
MYS,Malaysia,2020,6.201,HIGH
MYS,Malaysia,2021,6.72,HIGH
MYS,Malaysia,2022,7.166,HIGH
MYS,Malaysia,2023,6.21,HIGH
MYS,Malaysia,2024,6.953,HIGH
NAM,NAM,2010,5.46,HIGH
NAM,NAM,2011,5.341,HIGH
NAM,NAM,2012,5.458,HIGH
NAM,NAM,2013,5.73,HIGH
NAM,NAM,2014,5.492,HIGH
NAM,NAM,2015,4.961,HIGH
NAM,NAM,2016,3.417,HIGH
NAM,NAM,2017,3.475,HIGH
NAM,NAM,2018,3.908,HIGH
NAM,NAM,2019,2.887,HIGH
NAM,NAM,2020,3.579,HIGH
NAM,NAM,2021,4.451,HIGH
NAM,NAM,2022,5.374,HIGH
NAM,NAM,2023,5.812,HIGH
NAM,NAM,2024,5.468,HIGH
NER,NER,2010,5.809,HIGH
NER,NER,2011,4.559,HIGH
NER,NER,2012,4.873,HIGH
NER,NER,2013,3.73,HIGH
NER,NER,2014,3.827,HIGH
NER,NER,2015,3.489,HIGH
NER,NER,2016,3.896,HIGH
NER,NER,2017,4.113,HIGH
NER,NER,2018,4.184,HIGH
NER,NER,2019,4.359,HIGH
NER,NER,2020,4.54,HIGH
NER,NER,2021,3.283,HIGH
NER,NER,2022,3.949,HIGH
NER,NER,2023,2.284,HIGH
NER,NER,2024,3.136,HIGH
NGA,Nigeria,2010,5.036,MEDIUM
NGA,Nigeria,2011,4.924,MEDIUM
NGA,Nigeria,2012,4.178,MEDIUM
NGA,Nigeria,2013,4.871,MEDIUM
NGA,Nigeria,2014,4.793,MEDIUM
NGA,Nigeria,2015,3.964,MEDIUM
NGA,Nigeria,2016,3.567,MEDIUM
NGA,Nigeria,2017,3.544,MEDIUM
NGA,Nigeria,2018,3.737,MEDIUM
NGA,Nigeria,2019,4.515,MEDIUM
NGA,Nigeria,2020,4.48,MEDIUM
NGA,Nigeria,2021,3.658,MEDIUM
NGA,Nigeria,2022,3.269,MEDIUM
NGA,Nigeria,2023,3.95,MEDIUM
NGA,Nigeria,2024,3.884,MEDIUM
NIC,NIC,2010,5.469,HIGH
NIC,NIC,2011,6.611,HIGH
NIC,NIC,2012,6.39,HIGH
NIC,NIC,2013,6.266,HIGH
NIC,NIC,2014,5.79,HIGH
NIC,NIC,2015,5.122,HIGH
NIC,NIC,2016,5.019,HIGH
NIC,NIC,2017,5.316,HIGH
NIC,NIC,2018,2.797,HIGH
NIC,NIC,2019,2.541,HIGH
NIC,NIC,2020,3.876,HIGH
NIC,NIC,2021,4.483,HIGH
NIC,NIC,2022,3.925,HIGH
NIC,NIC,2023,4.068,HIGH
NIC,NIC,2024,3.62,HIGH
NLD,NLD,2010,7.984,HIGH
NLD,NLD,2011,8.527,HIGH
NLD,NLD,2012,7.915,HIGH
NLD,NLD,2013,7.828,HIGH
NLD,NLD,2014,8.117,HIGH
NLD,NLD,2015,8.367,HIGH
NLD,NLD,2016,8.415,HIGH
NLD,NLD,2017,8.409,HIGH
NLD,NLD,2018,7.172,HIGH
NLD,NLD,2019,6.809,HIGH
NLD,NLD,2020,6.935,HIGH
NLD,NLD,2021,7.29,HIGH
NLD,NLD,2022,7.724,HIGH
NLD,NLD,2023,6.451,HIGH
NLD,NLD,2024,7.179,HIGH
NOR,NOR,2010,7.46,HIGH
NOR,NOR,2011,7.988,HIGH
NOR,NOR,2012,8.547,HIGH
NOR,NOR,2013,8.169,HIGH
NOR,NOR,2014,7.352,HIGH
NOR,NOR,2015,6.953,HIGH
NOR,NOR,2016,6.544,HIGH
NOR,NOR,2017,7.3,HIGH
NOR,NOR,2018,7.458,HIGH
NOR,NOR,2019,7.688,HIGH
NOR,NOR,2020,8.183,HIGH
NOR,NOR,2021,7.444,HIGH
NOR,NOR,2022,7.441,HIGH
NOR,NOR,2023,6.776,HIGH
NOR,NOR,2024,6.986,HIGH
NPL,NPL,2010,4.618,HIGH
NPL,NPL,2011,4.542,HIGH
NPL,NPL,2012,4.976,HIGH
NPL,NPL,2013,5.025,HIGH
NPL,NPL,2014,4.536,HIGH
NPL,NPL,2015,4.909,HIGH
NPL,NPL,2016,3.877,HIGH
NPL,NPL,2017,5.99,HIGH
NPL,NPL,2018,6.306,HIGH
NPL,NPL,2019,5.419,HIGH
NPL,NPL,2020,4.936,HIGH
NPL,NPL,2021,5.181,HIGH
NPL,NPL,2022,5.973,HIGH
NPL,NPL,2023,5.018,HIGH
NPL,NPL,2024,5.343,HIGH
NZL,NZL,2010,7.115,HIGH
NZL,NZL,2011,7.761,HIGH
NZL,NZL,2012,7.781,HIGH
NZL,NZL,2013,7.923,HIGH
NZL,NZL,2014,7.83,HIGH
NZL,NZL,2015,7.286,HIGH
NZL,NZL,2016,7.427,HIGH
NZL,NZL,2017,7.27,HIGH
NZL,NZL,2018,7.308,HIGH
NZL,NZL,2019,6.554,HIGH
NZL,NZL,2020,6.954,HIGH
NZL,NZL,2021,6.721,HIGH
NZL,NZL,2022,6.937,HIGH
NZL,NZL,2023,6.834,HIGH
NZL,NZL,2024,6.539,HIGH
OMN,OMN,2010,5.748,HIGH
OMN,OMN,2011,5.118,HIGH
OMN,OMN,2012,5.025,HIGH
OMN,OMN,2013,5.457,HIGH
OMN,OMN,2014,4.56,HIGH
OMN,OMN,2015,5.848,HIGH
OMN,OMN,2016,5.683,HIGH
OMN,OMN,2017,4.584,HIGH
OMN,OMN,2018,5.189,HIGH
OMN,OMN,2019,4.893,HIGH
OMN,OMN,2020,6.019,HIGH
OMN,OMN,2021,5.488,HIGH
OMN,OMN,2022,6.245,HIGH
OMN,OMN,2023,4.35,HIGH
OMN,OMN,2024,5.109,HIGH
PAK,Pakistan,2010,4.017,HIGH
PAK,Pakistan,2011,4.252,HIGH
PAK,Pakistan,2012,2.987,HIGH
PAK,Pakistan,2013,4.165,HIGH
PAK,Pakistan,2014,4.079,HIGH
PAK,Pakistan,2015,5.166,HIGH
PAK,Pakistan,2016,5.501,HIGH
PAK,Pakistan,2017,5.219,HIGH
PAK,Pakistan,2018,5.448,HIGH
PAK,Pakistan,2019,4.292,HIGH
PAK,Pakistan,2020,4.429,HIGH
PAK,Pakistan,2021,4.648,HIGH
PAK,Pakistan,2022,4.26,HIGH
PAK,Pakistan,2023,3.158,HIGH
PAK,Pakistan,2024,3.205,HIGH
PAN,PAN,2010,8.011,HIGH
PAN,PAN,2011,8.578,HIGH
PAN,PAN,2012,7.427,HIGH
PAN,PAN,2013,6.773,HIGH
PAN,PAN,2014,7.3,HIGH
PAN,PAN,2015,7.256,HIGH
PAN,PAN,2016,7.574,HIGH
PAN,PAN,2017,7.357,HIGH
PAN,PAN,2018,6.387,HIGH
PAN,PAN,2019,5.566,HIGH
PAN,PAN,2020,3.179,HIGH
PAN,PAN,2021,6.493,HIGH
PAN,PAN,2022,7.218,HIGH
PAN,PAN,2023,7.155,HIGH
PAN,PAN,2024,6.06,HIGH
PER,Peru,2010,7.783,HIGH
PER,Peru,2011,7.48,HIGH
PER,Peru,2012,7.108,HIGH
PER,Peru,2013,6.931,HIGH
PER,Peru,2014,5.396,HIGH
PER,Peru,2015,5.798,HIGH
PER,Peru,2016,6.345,HIGH
PER,Peru,2017,6.334,HIGH
PER,Peru,2018,6.333,HIGH
PER,Peru,2019,5.751,HIGH
PER,Peru,2020,4.212,HIGH
PER,Peru,2021,5.829,HIGH
PER,Peru,2022,5.151,HIGH
PER,Peru,2023,4.969,HIGH
PER,Peru,2024,5.502,HIGH
PHL,Philippines,2010,7.475,HIGH
PHL,Philippines,2011,6.431,HIGH
PHL,Philippines,2012,7.786,HIGH
PHL,Philippines,2013,7.905,HIGH
PHL,Philippines,2014,7.728,HIGH
PHL,Philippines,2015,7.483,HIGH
PHL,Philippines,2016,7.254,HIGH
PHL,Philippines,2017,6.763,HIGH
PHL,Philippines,2018,6.496,HIGH
PHL,Philippines,2019,6.219,HIGH
PHL,Philippines,2020,4.08,HIGH
PHL,Philippines,2021,6.385,HIGH
PHL,Philippines,2022,6.789,HIGH
PHL,Philippines,2023,6.986,HIGH
PHL,Philippines,2024,7.051,HIGH
PNG,PNG,2010,4.654,MEDIUM
PNG,PNG,2011,4.034,MEDIUM
PNG,PNG,2012,3.809,MEDIUM
PNG,PNG,2013,3.687,MEDIUM
PNG,PNG,2014,4.331,MEDIUM
PNG,PNG,2015,3.986,MEDIUM
PNG,PNG,2016,3.924,MEDIUM
PNG,PNG,2017,3.828,MEDIUM
PNG,PNG,2018,2.978,MEDIUM
PNG,PNG,2019,3.461,MEDIUM
PNG,PNG,2020,4.029,MEDIUM
PNG,PNG,2021,3.426,MEDIUM
PNG,PNG,2022,3.746,MEDIUM
PNG,PNG,2023,3.69,MEDIUM
PNG,PNG,2024,3.776,MEDIUM
POL,POL,2010,7.612,HIGH
POL,POL,2011,7.93,HIGH
POL,POL,2012,7.298,HIGH
POL,POL,2013,6.94,HIGH
POL,POL,2014,8.044,HIGH
POL,POL,2015,7.671,HIGH
POL,POL,2016,7.213,HIGH
POL,POL,2017,6.806,HIGH
POL,POL,2018,7.21,HIGH
POL,POL,2019,6.626,HIGH
POL,POL,2020,6.775,HIGH
POL,POL,2021,6.572,HIGH
POL,POL,2022,6.486,HIGH
POL,POL,2023,6.216,HIGH
POL,POL,2024,7.416,HIGH
PRT,PRT,2010,6.987,HIGH
PRT,PRT,2011,5.902,HIGH
PRT,PRT,2012,4.758,HIGH
PRT,PRT,2013,5.704,HIGH
PRT,PRT,2014,6.444,HIGH
PRT,PRT,2015,6.726,HIGH
PRT,PRT,2016,7.107,HIGH
PRT,PRT,2017,7.566,HIGH
PRT,PRT,2018,7.78,HIGH
PRT,PRT,2019,7.413,HIGH
PRT,PRT,2020,5.828,HIGH
PRT,PRT,2021,6.799,HIGH
PRT,PRT,2022,7.454,HIGH
PRT,PRT,2023,7.389,HIGH
PRT,PRT,2024,6.514,HIGH
PRY,PRY,2010,7.35,HIGH
PRY,PRY,2011,6.116,HIGH
PRY,PRY,2012,4.304,HIGH
PRY,PRY,2013,6.523,HIGH
PRY,PRY,2014,6.032,HIGH
PRY,PRY,2015,5.74,HIGH
PRY,PRY,2016,6.141,HIGH
PRY,PRY,2017,5.975,HIGH
PRY,PRY,2018,5.593,HIGH
PRY,PRY,2019,4.786,HIGH
PRY,PRY,2020,6.061,HIGH
PRY,PRY,2021,5.555,HIGH
PRY,PRY,2022,4.863,HIGH
PRY,PRY,2023,6.043,HIGH
PRY,PRY,2024,4.874,HIGH
QAT,QAT,2010,7.614,MEDIUM
QAT,QAT,2011,7.37,MEDIUM
QAT,QAT,2012,5.857,MEDIUM
QAT,QAT,2013,5.856,MEDIUM
QAT,QAT,2014,4.565,MEDIUM
QAT,QAT,2015,5.173,MEDIUM
QAT,QAT,2016,5.227,MEDIUM
QAT,QAT,2017,4.36,HIGH
QAT,QAT,2018,4.771,HIGH
QAT,QAT,2019,5.267,HIGH
QAT,QAT,2020,5.708,HIGH
QAT,QAT,2021,5.943,HIGH
QAT,QAT,2022,6.088,HIGH
QAT,QAT,2023,6.58,HIGH
QAT,QAT,2024,5.943,HIGH
ROU,ROU,2010,5.758,HIGH
ROU,ROU,2011,8.05,HIGH
ROU,ROU,2012,7.108,HIGH
ROU,ROU,2013,7.536,HIGH
ROU,ROU,2014,7.605,HIGH
ROU,ROU,2015,7.653,HIGH
ROU,ROU,2016,7.904,HIGH
ROU,ROU,2017,8.095,HIGH
ROU,ROU,2018,7.403,HIGH
ROU,ROU,2019,6.739,HIGH
ROU,ROU,2020,6.416,HIGH
ROU,ROU,2021,6.634,HIGH
ROU,ROU,2022,6.463,HIGH
ROU,ROU,2023,6.192,HIGH
ROU,ROU,2024,5.224,HIGH
RUS,RUS,2010,4.134,HIGH
RUS,RUS,2011,6.056,HIGH
RUS,RUS,2012,5.655,HIGH
RUS,RUS,2013,2.938,HIGH
RUS,RUS,2014,2.101,HIGH
RUS,RUS,2015,2.101,HIGH
RUS,RUS,2016,2.184,HIGH
RUS,RUS,2017,2.361,HIGH
RUS,RUS,2018,2.614,HIGH
RUS,RUS,2019,5.728,HIGH
RUS,RUS,2020,5.349,HIGH
RUS,RUS,2021,2.69,HIGH
RUS,RUS,2022,2.211,HIGH
RUS,RUS,2023,2.659,HIGH
RUS,RUS,2024,2.17,HIGH
RWA,Rwanda,2010,5.984,HIGH
RWA,Rwanda,2011,6.209,HIGH
RWA,Rwanda,2012,6.563,HIGH
RWA,Rwanda,2013,6.01,HIGH
RWA,Rwanda,2014,5.74,HIGH
RWA,Rwanda,2015,6.253,HIGH
RWA,Rwanda,2016,5.783,HIGH
RWA,Rwanda,2017,5.862,HIGH
RWA,Rwanda,2018,5.957,HIGH
RWA,Rwanda,2019,6.172,HIGH
RWA,Rwanda,2020,4.622,HIGH
RWA,Rwanda,2021,5.313,HIGH
RWA,Rwanda,2022,5.565,HIGH
RWA,Rwanda,2023,6.359,HIGH
RWA,Rwanda,2024,6.499,HIGH
SAU,SAU,2010,6.097,HIGH
SAU,SAU,2011,6.033,HIGH
SAU,SAU,2012,5.037,HIGH
SAU,SAU,2013,4.708,HIGH
SAU,SAU,2014,3.691,HIGH
SAU,SAU,2015,4.422,HIGH
SAU,SAU,2016,5.051,HIGH
SAU,SAU,2017,4.496,HIGH
SAU,SAU,2018,5.194,HIGH
SAU,SAU,2019,4.939,HIGH
SAU,SAU,2020,5.305,HIGH
SAU,SAU,2021,6.041,HIGH
SAU,SAU,2022,7.116,HIGH
SAU,SAU,2023,5.954,HIGH
SAU,SAU,2024,5.871,HIGH
SDN,SDN,2010,3.691,HIGH
SDN,SDN,2011,2.877,HIGH
SDN,SDN,2012,2.437,HIGH
SDN,SDN,2013,2.772,HIGH
SDN,SDN,2014,3.666,HIGH
SDN,SDN,2015,3.589,HIGH
SDN,SDN,2016,3.442,HIGH
SDN,SDN,2017,3.079,HIGH
SDN,SDN,2018,2.917,HIGH
SDN,SDN,2019,3.163,HIGH
SDN,SDN,2020,3.292,HIGH
SDN,SDN,2021,3.196,HIGH
SDN,SDN,2022,3.362,HIGH
SDN,SDN,2023,2.513,HIGH
SDN,SDN,2024,2.009,HIGH
SEN,Senegal,2010,4.409,HIGH
SEN,Senegal,2011,4.49,HIGH
SEN,Senegal,2012,5.67,HIGH
SEN,Senegal,2013,5.313,HIGH
SEN,Senegal,2014,5.911,HIGH
SEN,Senegal,2015,5.663,HIGH
SEN,Senegal,2016,5.433,HIGH
SEN,Senegal,2017,5.538,HIGH
SEN,Senegal,2018,5.352,HIGH
SEN,Senegal,2019,4.8,HIGH
SEN,Senegal,2020,5.004,HIGH
SEN,Senegal,2021,4.861,HIGH
SEN,Senegal,2022,4.435,HIGH
SEN,Senegal,2023,4.526,HIGH
SEN,Senegal,2024,4.742,HIGH
SGP,SGP,2010,8.633,HIGH
SGP,SGP,2011,8.946,HIGH
SGP,SGP,2012,8.416,HIGH
SGP,SGP,2013,8.667,HIGH
SGP,SGP,2014,8.317,HIGH
SGP,SGP,2015,8.054,HIGH
SGP,SGP,2016,7.829,HIGH
SGP,SGP,2017,7.996,HIGH
SGP,SGP,2018,8.001,HIGH
SGP,SGP,2019,7.163,HIGH
SGP,SGP,2020,7.27,HIGH
SGP,SGP,2021,7.447,HIGH
SGP,SGP,2022,6.873,HIGH
SGP,SGP,2023,6.647,HIGH
SGP,SGP,2024,7.581,HIGH
SLE,SLE,2010,4.686,HIGH
SLE,SLE,2011,4.986,HIGH
SLE,SLE,2012,5.692,HIGH
SLE,SLE,2013,4.654,HIGH
SLE,SLE,2014,3.219,HIGH
SLE,SLE,2015,2.268,HIGH
SLE,SLE,2016,2.779,HIGH
SLE,SLE,2017,2.558,HIGH
SLE,SLE,2018,2.761,HIGH
SLE,SLE,2019,3.682,HIGH
SLE,SLE,2020,4.413,HIGH
SLE,SLE,2021,4.199,HIGH
SLE,SLE,2022,3.695,HIGH
SLE,SLE,2023,3.746,HIGH
SLE,SLE,2024,3.258,HIGH
SLV,SLV,2010,5.187,HIGH
SLV,SLV,2011,5.86,HIGH
SLV,SLV,2012,5.412,HIGH
SLV,SLV,2013,5.559,HIGH
SLV,SLV,2014,5.232,HIGH
SLV,SLV,2015,4.933,HIGH
SLV,SLV,2016,4.756,HIGH
SLV,SLV,2017,3.824,HIGH
SLV,SLV,2018,3.974,HIGH
SLV,SLV,2019,5.022,HIGH
SLV,SLV,2020,4.015,HIGH
SLV,SLV,2021,5.751,HIGH
SLV,SLV,2022,4.718,HIGH
SLV,SLV,2023,5.314,HIGH
SLV,SLV,2024,5.14,HIGH
SOM,SOM,2010,,LOW
SOM,SOM,2011,,LOW
SOM,SOM,2012,2.431,LOW
SOM,SOM,2013,1.409,MEDIUM
SOM,SOM,2014,1.558,HIGH
SOM,SOM,2015,3.693,HIGH
SOM,SOM,2016,2.757,HIGH
SOM,SOM,2017,3.007,HIGH
SOM,SOM,2018,2.262,HIGH
SOM,SOM,2019,2.517,HIGH
SOM,SOM,2020,3.061,HIGH
SOM,SOM,2021,3.67,HIGH
SOM,SOM,2022,3.645,HIGH
SOM,SOM,2023,3.586,HIGH
SOM,SOM,2024,3.218,HIGH
SRB,SRB,2010,4.458,HIGH
SRB,SRB,2011,4.488,HIGH
SRB,SRB,2012,4.077,HIGH
SRB,SRB,2013,4.72,HIGH
SRB,SRB,2014,4.053,HIGH
SRB,SRB,2015,4.858,HIGH
SRB,SRB,2016,5.755,HIGH
SRB,SRB,2017,5.348,HIGH
SRB,SRB,2018,6.114,HIGH
SRB,SRB,2019,6.216,HIGH
SRB,SRB,2020,6.239,HIGH
SRB,SRB,2021,6.072,HIGH
SRB,SRB,2022,5.666,HIGH
SRB,SRB,2023,5.805,HIGH
SRB,SRB,2024,6.289,HIGH
SSD,SSD,2010,,LOW
SSD,SSD,2011,2.75,MEDIUM
SSD,SSD,2012,2.365,HIGH
SSD,SSD,2013,3.744,HIGH
SSD,SSD,2014,2.317,HIGH
SSD,SSD,2015,1.91,HIGH
SSD,SSD,2016,1.799,HIGH
SSD,SSD,2017,1.683,HIGH
SSD,SSD,2018,1.911,HIGH
SSD,SSD,2019,1.996,HIGH
SSD,SSD,2020,2.56,HIGH
SSD,SSD,2021,2.224,HIGH
SSD,SSD,2022,2.921,HIGH
SSD,SSD,2023,2.727,HIGH
SSD,SSD,2024,2.892,HIGH
SUR,SUR,2010,5.904,MEDIUM
SUR,SUR,2011,5.385,MEDIUM
SUR,SUR,2012,5.013,MEDIUM
SUR,SUR,2013,5.3,MEDIUM
SUR,SUR,2014,4.673,MEDIUM
SUR,SUR,2015,3.448,HIGH
SUR,SUR,2016,2.233,HIGH
SUR,SUR,2017,2.79,HIGH
SUR,SUR,2018,4.012,HIGH
SUR,SUR,2019,3.929,HIGH
SUR,SUR,2020,3.239,MEDIUM
SUR,SUR,2021,3.669,MEDIUM
SUR,SUR,2022,4.167,MEDIUM
SUR,SUR,2023,4.285,MEDIUM
SUR,SUR,2024,4.413,MEDIUM
SVK,SVK,2010,7.924,HIGH
SVK,SVK,2011,7.001,HIGH
SVK,SVK,2012,5.988,HIGH
SVK,SVK,2013,5.707,HIGH
SVK,SVK,2014,6.026,HIGH
SVK,SVK,2015,6.445,HIGH
SVK,SVK,2016,6.548,HIGH
SVK,SVK,2017,6.557,HIGH
SVK,SVK,2018,7.681,HIGH
SVK,SVK,2019,6.731,HIGH
SVK,SVK,2020,6.561,HIGH
SVK,SVK,2021,6.794,HIGH
SVK,SVK,2022,5.92,HIGH
SVK,SVK,2023,6.32,HIGH
SVK,SVK,2024,6.451,HIGH
SVN,SVN,2010,6.968,HIGH
SVN,SVN,2011,7.125,HIGH
SVN,SVN,2012,5.319,HIGH
SVN,SVN,2013,5.613,HIGH
SVN,SVN,2014,6.744,HIGH
SVN,SVN,2015,6.893,HIGH
SVN,SVN,2016,7.198,HIGH
SVN,SVN,2017,7.483,HIGH
SVN,SVN,2018,7.313,HIGH
SVN,SVN,2019,7.195,HIGH
SVN,SVN,2020,7.065,HIGH
SVN,SVN,2021,7.741,HIGH
SVN,SVN,2022,7.281,HIGH
SVN,SVN,2023,7.268,HIGH
SVN,SVN,2024,7.28,HIGH
SWE,SWE,2010,8.345,HIGH
SWE,SWE,2011,8.053,HIGH
SWE,SWE,2012,7.3,HIGH
SWE,SWE,2013,7.523,HIGH
SWE,SWE,2014,6.963,HIGH
SWE,SWE,2015,7.422,HIGH
SWE,SWE,2016,7.372,HIGH
SWE,SWE,2017,7.137,HIGH
SWE,SWE,2018,7.144,HIGH
SWE,SWE,2019,6.786,HIGH
SWE,SWE,2020,7.169,HIGH
SWE,SWE,2021,7.333,HIGH
SWE,SWE,2022,6.956,HIGH
SWE,SWE,2023,6.563,HIGH
SWE,SWE,2024,6.83,HIGH
SWZ,SWZ,2010,4.373,MEDIUM
SWZ,SWZ,2011,4.091,MEDIUM
SWZ,SWZ,2012,3.875,MEDIUM
SWZ,SWZ,2013,4.05,HIGH
SWZ,SWZ,2014,3.54,HIGH
SWZ,SWZ,2015,4.113,HIGH
SWZ,SWZ,2016,4.051,HIGH
SWZ,SWZ,2017,4.422,HIGH
SWZ,SWZ,2018,4.116,HIGH
SWZ,SWZ,2019,4.159,HIGH
SWZ,SWZ,2020,3.634,HIGH
SWZ,SWZ,2021,2.875,HIGH
SWZ,SWZ,2022,2.228,HIGH
SWZ,SWZ,2023,3.006,HIGH
SWZ,SWZ,2024,2.715,HIGH
SYR,SYR,2010,5.963,HIGH
SYR,SYR,2011,4.616,HIGH
SYR,SYR,2012,2.183,HIGH
SYR,SYR,2013,2.002,HIGH
SYR,SYR,2014,1.831,HIGH
SYR,SYR,2015,2.636,HIGH
SYR,SYR,2016,2.593,HIGH
SYR,SYR,2017,3.083,HIGH
SYR,SYR,2018,3.189,HIGH
SYR,SYR,2019,3.189,HIGH
SYR,SYR,2020,2.189,LOW
SYR,SYR,2021,2.339,LOW
SYR,SYR,2022,2.283,LOW
SYR,SYR,2023,1.805,LOW
SYR,SYR,2024,2.385,LOW
TCD,TCD,2010,4.305,HIGH
TCD,TCD,2011,3.823,HIGH
TCD,TCD,2012,3.666,HIGH
TCD,TCD,2013,3.358,HIGH
TCD,TCD,2014,2.991,HIGH
TCD,TCD,2015,3.517,HIGH
TCD,TCD,2016,2.723,HIGH
TCD,TCD,2017,2.826,HIGH
TCD,TCD,2018,3.111,HIGH
TCD,TCD,2019,3.824,HIGH
TCD,TCD,2020,4.084,HIGH
TCD,TCD,2021,3.622,HIGH
TCD,TCD,2022,3.601,HIGH
TCD,TCD,2023,2.847,HIGH
TCD,TCD,2024,2.743,HIGH
TGO,TGO,2010,4.305,HIGH
TGO,TGO,2011,4.519,HIGH
TGO,TGO,2012,3.385,HIGH
TGO,TGO,2013,2.987,HIGH
TGO,TGO,2014,3.216,HIGH
TGO,TGO,2015,3.509,HIGH
TGO,TGO,2016,3.922,HIGH
TGO,TGO,2017,3.71,HIGH
TGO,TGO,2018,3.988,HIGH
TGO,TGO,2019,4.375,HIGH
TGO,TGO,2020,4.744,HIGH
TGO,TGO,2021,3.961,HIGH
TGO,TGO,2022,3.822,HIGH
TGO,TGO,2023,4.034,HIGH
TGO,TGO,2024,4.249,HIGH
THA,Thailand,2010,8.021,HIGH
THA,Thailand,2011,6.557,HIGH
THA,Thailand,2012,7.76,HIGH
THA,Thailand,2013,6.727,HIGH
THA,Thailand,2014,6.064,HIGH
THA,Thailand,2015,5.951,HIGH
THA,Thailand,2016,5.81,HIGH
THA,Thailand,2017,6.263,HIGH
THA,Thailand,2018,7.382,HIGH
THA,Thailand,2019,6.141,HIGH
THA,Thailand,2020,5.718,HIGH
THA,Thailand,2021,5.756,HIGH
THA,Thailand,2022,6.194,HIGH
THA,Thailand,2023,6.568,HIGH
THA,Thailand,2024,6.779,HIGH
TJK,TJK,2010,5.687,HIGH
TJK,TJK,2011,6.162,HIGH
TJK,TJK,2012,5.535,HIGH
TJK,TJK,2013,5.594,HIGH
TJK,TJK,2014,5.828,HIGH
TJK,TJK,2015,5.742,HIGH
TJK,TJK,2016,5.639,HIGH
TJK,TJK,2017,5.01,HIGH
TJK,TJK,2018,5.118,HIGH
TJK,TJK,2019,5.641,HIGH
TJK,TJK,2020,6.301,HIGH
TJK,TJK,2021,5.634,HIGH
TJK,TJK,2022,5.703,HIGH
TJK,TJK,2023,6.322,HIGH
TJK,TJK,2024,6.465,HIGH
TKM,TKM,2010,3.031,HIGH
TKM,TKM,2011,1.49,HIGH
TKM,TKM,2012,1.49,HIGH
TKM,TKM,2013,1.49,HIGH
TKM,TKM,2014,1.783,HIGH
TKM,TKM,2015,1.507,HIGH
TKM,TKM,2016,1.49,HIGH
TKM,TKM,2017,1.49,HIGH
TKM,TKM,2018,1.49,HIGH
TKM,TKM,2019,1.604,HIGH
TKM,TKM,2020,4.491,HIGH
TKM,TKM,2021,1.49,HIGH
TKM,TKM,2022,2.178,MEDIUM
TKM,TKM,2023,2.06,MEDIUM
TKM,TKM,2024,1.975,MEDIUM
TLS,TLS,2010,5.553,HIGH
TLS,TLS,2011,4.691,HIGH
TLS,TLS,2012,3.485,HIGH
TLS,TLS,2013,2.801,HIGH
TLS,TLS,2014,4.305,HIGH
TLS,TLS,2015,1.965,HIGH
TLS,TLS,2016,3.506,HIGH
TLS,TLS,2017,2.853,HIGH
TLS,TLS,2018,2.892,HIGH
TLS,TLS,2019,4.203,HIGH
TLS,TLS,2020,5.019,HIGH
TLS,TLS,2021,3.604,HIGH
TLS,TLS,2022,2.933,HIGH
TLS,TLS,2023,1.109,HIGH
TLS,TLS,2024,1.31,HIGH
TTO,TTO,2010,6.578,MEDIUM
TTO,TTO,2011,5.762,MEDIUM
TTO,TTO,2012,6.578,MEDIUM
TTO,TTO,2013,6.236,MEDIUM
TTO,TTO,2014,6.122,MEDIUM
TTO,TTO,2015,6.081,MEDIUM
TTO,TTO,2016,3.969,MEDIUM
TTO,TTO,2017,4.267,MEDIUM
TTO,TTO,2018,3.976,MEDIUM
TTO,TTO,2019,4.3,MEDIUM
TTO,TTO,2020,4.24,MEDIUM
TTO,TTO,2021,4.403,MEDIUM
TTO,TTO,2022,5.039,MEDIUM
TTO,TTO,2023,4.936,MEDIUM
TTO,TTO,2024,4.87,MEDIUM
TUN,Tunisia,2010,6.132,HIGH
TUN,Tunisia,2011,4.406,HIGH
TUN,Tunisia,2012,4.739,HIGH
TUN,Tunisia,2013,4.851,HIGH
TUN,Tunisia,2014,4.723,HIGH
TUN,Tunisia,2015,4.773,HIGH
TUN,Tunisia,2016,4.405,HIGH
TUN,Tunisia,2017,4.566,HIGH
TUN,Tunisia,2018,4.645,HIGH
TUN,Tunisia,2019,4.409,HIGH
TUN,Tunisia,2020,4.217,HIGH
TUN,Tunisia,2021,4.912,HIGH
TUN,Tunisia,2022,4.052,HIGH
TUN,Tunisia,2023,2.896,HIGH
TUN,Tunisia,2024,2.702,HIGH
TUR,Trkiye,2010,8.247,HIGH
TUR,Trkiye,2011,8.796,HIGH
TUR,Trkiye,2012,6.814,HIGH
TUR,Trkiye,2013,7.508,HIGH
TUR,Trkiye,2014,6.584,HIGH
TUR,Trkiye,2015,6.473,HIGH
TUR,Trkiye,2016,5.89,HIGH
TUR,Trkiye,2017,6.463,HIGH
TUR,Trkiye,2018,6.19,HIGH
TUR,Trkiye,2019,5.329,HIGH
TUR,Trkiye,2020,7.09,HIGH
TUR,Trkiye,2021,6.899,HIGH
TUR,Trkiye,2022,7.324,HIGH
TUR,Trkiye,2023,7.037,HIGH
TUR,Trkiye,2024,6.697,HIGH
TZA,Tanzania,2010,5.496,HIGH
TZA,Tanzania,2011,5.48,HIGH
TZA,Tanzania,2012,4.097,HIGH
TZA,Tanzania,2013,4.056,HIGH
TZA,Tanzania,2014,4.472,HIGH
TZA,Tanzania,2015,4.513,HIGH
TZA,Tanzania,2016,4.562,HIGH
TZA,Tanzania,2017,4.202,HIGH
TZA,Tanzania,2018,3.876,HIGH
TZA,Tanzania,2019,3.926,HIGH
TZA,Tanzania,2020,4.478,HIGH
TZA,Tanzania,2021,3.972,HIGH
TZA,Tanzania,2022,4.392,HIGH
TZA,Tanzania,2023,4.747,HIGH
TZA,Tanzania,2024,5.341,HIGH
UGA,UGA,2010,5.033,HIGH
UGA,UGA,2011,5.485,HIGH
UGA,UGA,2012,3.758,HIGH
UGA,UGA,2013,3.452,HIGH
UGA,UGA,2014,3.567,HIGH
UGA,UGA,2015,3.527,HIGH
UGA,UGA,2016,3.424,HIGH
UGA,UGA,2017,3.332,HIGH
UGA,UGA,2018,3.724,HIGH
UGA,UGA,2019,3.701,HIGH
UGA,UGA,2020,4.684,HIGH
UGA,UGA,2021,4.052,HIGH
UGA,UGA,2022,3.58,HIGH
UGA,UGA,2023,3.942,HIGH
UGA,UGA,2024,4.417,HIGH
UKR,Ukraine,2010,5.808,HIGH
UKR,Ukraine,2011,6.376,HIGH
UKR,Ukraine,2012,5.85,HIGH
UKR,Ukraine,2013,5.111,HIGH
UKR,Ukraine,2014,2.616,HIGH
UKR,Ukraine,2015,2.304,HIGH
UKR,Ukraine,2016,3.658,HIGH
UKR,Ukraine,2017,4.791,HIGH
UKR,Ukraine,2018,5.521,HIGH
UKR,Ukraine,2019,6.337,HIGH
UKR,Ukraine,2020,5.376,HIGH
UKR,Ukraine,2021,4.707,HIGH
UKR,Ukraine,2022,2.632,HIGH
UKR,Ukraine,2023,4.491,HIGH
UKR,Ukraine,2024,4.488,HIGH
URY,URY,2010,8.047,MEDIUM
URY,URY,2011,7.937,MEDIUM
URY,URY,2012,6.4,HIGH
URY,URY,2013,6.19,HIGH
URY,URY,2014,6.456,HIGH
URY,URY,2015,5.404,HIGH
URY,URY,2016,5.819,HIGH
URY,URY,2017,6.367,HIGH
URY,URY,2018,5.413,HIGH
URY,URY,2019,5.894,HIGH
URY,URY,2020,5.063,HIGH
URY,URY,2021,6.906,HIGH
URY,URY,2022,7.143,HIGH
URY,URY,2023,6.269,HIGH
URY,URY,2024,6.424,HIGH
USA,USA,2010,8.116,HIGH
USA,USA,2011,7.991,HIGH
USA,USA,2012,7.249,HIGH
USA,USA,2013,6.817,HIGH
USA,USA,2014,7.276,HIGH
USA,USA,2015,8.139,HIGH
USA,USA,2016,7.764,HIGH
USA,USA,2017,7.684,HIGH
USA,USA,2018,7.274,HIGH
USA,USA,2019,6.644,HIGH
USA,USA,2020,6.671,HIGH
USA,USA,2021,6.656,HIGH
USA,USA,2022,7.148,HIGH
USA,USA,2023,7.804,HIGH
USA,USA,2024,7.866,HIGH
UVK,UVK,2010,,LOW
UVK,UVK,2011,,LOW
UVK,UVK,2012,6.073,LOW
UVK,UVK,2013,3.954,LOW
UVK,UVK,2014,5.701,LOW
UVK,UVK,2015,5.02,LOW
UVK,UVK,2016,4.691,LOW
UVK,UVK,2017,4.538,LOW
UVK,UVK,2018,3.931,LOW
UVK,UVK,2019,3.685,LOW
UVK,UVK,2020,3.367,LOW
UVK,UVK,2021,5.274,LOW
UVK,UVK,2022,4.563,LOW
UVK,UVK,2023,3.547,LOW
UVK,UVK,2024,4.389,LOW
UZB,Uzbekistan,2010,5.972,HIGH
UZB,Uzbekistan,2011,5.82,HIGH
UZB,Uzbekistan,2012,5.684,HIGH
UZB,Uzbekistan,2013,6.036,HIGH
UZB,Uzbekistan,2014,5.807,HIGH
UZB,Uzbekistan,2015,6.358,HIGH
UZB,Uzbekistan,2016,6.101,HIGH
UZB,Uzbekistan,2017,5.022,HIGH
UZB,Uzbekistan,2018,4.858,HIGH
UZB,Uzbekistan,2019,6.856,HIGH
UZB,Uzbekistan,2020,6.685,HIGH
UZB,Uzbekistan,2021,6.028,HIGH
UZB,Uzbekistan,2022,6.049,HIGH
UZB,Uzbekistan,2023,6.112,HIGH
UZB,Uzbekistan,2024,5.38,HIGH
VEN,VEN,2010,3.791,HIGH
VEN,VEN,2011,4.377,HIGH
VEN,VEN,2012,3.493,HIGH
VEN,VEN,2013,2.948,HIGH
VEN,VEN,2014,2.512,HIGH
VEN,VEN,2015,2.206,HIGH
VEN,VEN,2016,2.096,HIGH
VEN,VEN,2017,2.512,HIGH
VEN,VEN,2018,2.778,HIGH
VEN,VEN,2019,1.658,HIGH
VEN,VEN,2020,2.85,HIGH
VEN,VEN,2021,3.829,HIGH
VEN,VEN,2022,3.581,HIGH
VEN,VEN,2023,2.089,HIGH
VEN,VEN,2024,1.8,HIGH
VNM,Vietnam,2010,6.785,HIGH
VNM,Vietnam,2011,6.866,HIGH
VNM,Vietnam,2012,6.307,HIGH
VNM,Vietnam,2013,6.408,HIGH
VNM,Vietnam,2014,6.839,HIGH
VNM,Vietnam,2015,7.451,HIGH
VNM,Vietnam,2016,7.661,HIGH
VNM,Vietnam,2017,7.834,HIGH
VNM,Vietnam,2018,8.071,HIGH
VNM,Vietnam,2019,8.114,HIGH
VNM,Vietnam,2020,8.019,HIGH
VNM,Vietnam,2021,6.368,HIGH
VNM,Vietnam,2022,6.634,HIGH
VNM,Vietnam,2023,6.862,HIGH
VNM,Vietnam,2024,7.348,HIGH
YEM,YEM,2010,4.141,HIGH
YEM,YEM,2011,3.193,HIGH
YEM,YEM,2012,2.391,HIGH
YEM,YEM,2013,2.717,HIGH
YEM,YEM,2014,2.509,HIGH
YEM,YEM,2015,2.057,HIGH
YEM,YEM,2016,1.896,HIGH
YEM,YEM,2017,1.806,HIGH
YEM,YEM,2018,2.079,HIGH
YEM,YEM,2019,2.003,HIGH
YEM,YEM,2020,2.324,HIGH
YEM,YEM,2021,2.074,HIGH
YEM,YEM,2022,2.271,HIGH
YEM,YEM,2023,2.362,HIGH
YEM,YEM,2024,3.12,HIGH
ZAF,South Africa,2010,5.242,HIGH
ZAF,South Africa,2011,5.382,HIGH
ZAF,South Africa,2012,4.181,HIGH
ZAF,South Africa,2013,4.685,HIGH
ZAF,South Africa,2014,3.985,HIGH
ZAF,South Africa,2015,4.499,HIGH
ZAF,South Africa,2016,4.306,HIGH
ZAF,South Africa,2017,4.263,HIGH
ZAF,South Africa,2018,3.777,HIGH
ZAF,South Africa,2019,3.284,HIGH
ZAF,South Africa,2020,3.698,HIGH
ZAF,South Africa,2021,4.737,HIGH
ZAF,South Africa,2022,4.728,HIGH
ZAF,South Africa,2023,4.399,HIGH
ZAF,South Africa,2024,4.072,HIGH
ZMB,ZMB,2010,5.197,HIGH
ZMB,ZMB,2011,5.124,HIGH
ZMB,ZMB,2012,4.315,HIGH
ZMB,ZMB,2013,4.548,HIGH
ZMB,ZMB,2014,4.199,HIGH
ZMB,ZMB,2015,3.503,HIGH
ZMB,ZMB,2016,3.807,HIGH
ZMB,ZMB,2017,3.674,HIGH
ZMB,ZMB,2018,3.605,HIGH
ZMB,ZMB,2019,3.036,HIGH
ZMB,ZMB,2020,3.125,HIGH
ZMB,ZMB,2021,2.757,HIGH
ZMB,ZMB,2022,3.436,HIGH
ZMB,ZMB,2023,3.894,HIGH
ZMB,ZMB,2024,3.817,HIGH
ZWE,ZWE,2010,4.677,HIGH
ZWE,ZWE,2011,4.251,HIGH
ZWE,ZWE,2012,2.311,HIGH
ZWE,ZWE,2013,1.56,HIGH
ZWE,ZWE,2014,3.804,HIGH
ZWE,ZWE,2015,3.956,HIGH
ZWE,ZWE,2016,3.639,HIGH
ZWE,ZWE,2017,1.702,HIGH
ZWE,ZWE,2018,1.729,HIGH
ZWE,ZWE,2019,3.514,HIGH
ZWE,ZWE,2020,3.595,HIGH
ZWE,ZWE,2021,1.802,HIGH
ZWE,ZWE,2022,2.209,HIGH
ZWE,ZWE,2023,3.992,HIGH
ZWE,ZWE,2024,3.646,HIGH
