country,country_name,year,rao_score,base_rao_score,regime,regime_label,tos_score,tos_signal_label,sis_score,dgi_score,rvs_score,pillar_a,pillar_b,pillar_c,pillar_d,cvar25,volatility_band,event_adjustment,anomaly_flag,anomaly_haircut_applied,archetype,data_confidence,imputed_vars,gdelt_active,rao_score_pre_overlay,overlay_adjustment,trajectory_classification,trajectory_discount,trajectory_reason,universe_flag,universe_flag_severity,universe_flag_description,requires_disclosure,market_size_bonus
DNK,DNK,2024,8.115,9.521,FO,Fragile Opportunity,0.459,Moderate Potential,0.25,0.582,0.705,0.589,0.802,0.772,0.549,0.947,0.126,0.0,True,True,Advanced Economy,HIGH,external_debt_pct_gni,False,7.264,0.851,structural,1.0,"Trajectory supported by governance data (RVS=0.705, Pillar B=0.802)  classified as structural",clean,N/A,No universe integrity issues detected.,False,0.851
CHN,China,2024,8.055,8.31,RO,Robust Opportunity,0.482,Moderate Potential,0.545,0.478,0.421,0.632,0.535,0.608,0.38,0.812,0.061,0.0,True,True,High-Growth Emerging Market,HIGH,export_growth; secondary_school_enrolment,False,6.62,1.435,structural,1.0,"Trajectory supported by governance data (RVS=0.421, Pillar B=0.535)  classified as structural",clean,N/A,No universe integrity issues detected.,False,1.435
USA,USA,2024,7.866,8.329,RO,Robust Opportunity,0.408,Moderate Potential,0.25,0.503,0.566,0.486,0.518,0.752,0.485,0.814,0.057,0.0,True,True,Advanced Economy,HIGH,external_debt_pct_gni,False,6.366,1.5,structural,1.0,"Trajectory supported by governance data (RVS=0.566, Pillar B=0.518)  classified as structural",clean,N/A,No universe integrity issues detected.,False,1.5
IRL,IRL,2024,7.849,8.965,FO,Fragile Opportunity,0.465,Moderate Potential,0.25,0.532,0.821,0.525,0.788,0.731,0.46,0.885,0.15,0.0,True,True,Advanced Economy,HIGH,external_debt_pct_gni,False,6.954,0.895,structural,1.0,"Trajectory supported by governance data (RVS=0.821, Pillar B=0.788)  classified as structural",clean,N/A,No universe integrity issues detected.,False,0.895
KOR,KOR,2024,7.835,8.882,FO,Fragile Opportunity,0.423,Moderate Potential,0.25,0.489,0.663,0.558,0.721,0.747,0.38,0.876,0.125,0.0,True,True,Advanced Economy,HIGH,external_debt_pct_gni,False,6.754,1.081,stable,1.0,"Advanced Economy with strong governance (Pillar B=0.721) and flat trajectory (Pillar D=0.380)  classified as stable rather than noise. Flat trajectories on excellent fundamentals reflect maintenance of quality, not decline. No discount applied.",clean,N/A,No universe integrity issues detected.,False,1.081
LTU,LTU,2024,7.643,8.809,FO,Fragile Opportunity,0.472,Moderate Potential,0.25,0.503,0.918,0.502,0.743,0.727,0.492,0.868,0.136,0.0,True,True,Advanced Economy,HIGH,external_debt_pct_gni,False,6.884,0.759,structural,1.0,"Trajectory supported by governance data (RVS=0.918, Pillar B=0.743)  classified as structural",clean,N/A,No universe integrity issues detected.,False,0.759
CHE,CHE,2024,7.635,8.674,FO,Fragile Opportunity,0.433,Moderate Potential,0.25,0.602,0.558,0.483,0.776,0.715,0.494,0.853,0.154,0.0,True,True,Advanced Economy,HIGH,external_debt_pct_gni,False,6.662,0.973,structural,1.0,"Trajectory supported by governance data (RVS=0.558, Pillar B=0.776)  classified as structural",clean,N/A,No universe integrity issues detected.,False,0.973
SGP,SGP,2024,7.581,9.108,RO,Robust Opportunity,0.369,Low Takeoff Signal,0.25,0.368,0.582,0.603,0.635,0.789,0.38,0.901,0.073,0.0,True,True,Advanced Economy,HIGH,external_debt_pct_gni,False,6.692,0.889,stable,1.0,"Advanced Economy with strong governance (Pillar B=0.635) and flat trajectory (Pillar D=0.380)  classified as stable rather than noise. Flat trajectories on excellent fundamentals reflect maintenance of quality, not decline. No discount applied.",clean,N/A,No universe integrity issues detected.,False,0.889
JPN,JPN,2024,7.571,8.265,RO,Robust Opportunity,0.42,Moderate Potential,0.25,0.481,0.659,0.494,0.606,0.744,0.381,0.807,0.092,0.0,True,True,Advanced Economy,HIGH,external_debt_pct_gni,False,6.373,1.198,stable,1.0,"Advanced Economy with strong governance (Pillar B=0.606) and flat trajectory (Pillar D=0.381)  classified as stable rather than noise. Flat trajectories on excellent fundamentals reflect maintenance of quality, not decline. No discount applied.",clean,N/A,No universe integrity issues detected.,False,1.198
CZE,CZE,2024,7.495,8.66,FO,Fragile Opportunity,0.44,Moderate Potential,0.25,0.474,0.782,0.511,0.734,0.718,0.429,0.851,0.136,0.0,True,True,Advanced Economy,HIGH,external_debt_pct_gni,False,6.681,0.814,stable,1.0,"Advanced Economy with strong governance (Pillar B=0.734) and flat trajectory (Pillar D=0.429)  classified as stable rather than noise. Flat trajectories on excellent fundamentals reflect maintenance of quality, not decline. No discount applied.",clean,N/A,No universe integrity issues detected.,False,0.814
POL,POL,2024,7.416,8.371,RO,Robust Opportunity,0.421,Moderate Potential,0.25,0.461,0.699,0.482,0.654,0.739,0.419,0.819,0.11,0.0,True,True,Advanced Economy,HIGH,external_debt_pct_gni,False,6.44,0.976,stable,1.0,"Advanced Economy with strong governance (Pillar B=0.654) and flat trajectory (Pillar D=0.419)  classified as stable rather than noise. Flat trajectories on excellent fundamentals reflect maintenance of quality, not decline. No discount applied.",clean,N/A,No universe integrity issues detected.,False,0.976
VNM,Vietnam,2024,7.348,8.529,RO,Robust Opportunity,0.408,Moderate Potential,0.2,0.563,0.644,0.662,0.625,0.549,0.47,0.837,0.093,0.0,True,True,High-Growth Emerging Market,HIGH,,False,6.486,0.862,structural,1.0,"Trajectory supported by governance data (RVS=0.644, Pillar B=0.625)  classified as structural",clean,N/A,No universe integrity issues detected.,False,0.862
ARE,ARE,2024,7.333,7.897,FO,Fragile Opportunity,0.505,Moderate Potential,0.25,0.612,0.917,0.602,0.758,0.449,0.594,0.766,0.177,0.0,True,True,Advanced Economy,HIGH,external_debt_pct_gni,False,6.456,0.877,structural,1.0,"Trajectory supported by governance data (RVS=0.917, Pillar B=0.758)  classified as structural",clean,N/A,No universe integrity issues detected.,False,0.877
SVN,SVN,2024,7.28,8.593,RO,Robust Opportunity,0.46,Moderate Potential,0.25,0.532,0.79,0.494,0.663,0.713,0.527,0.844,0.11,0.0,True,True,Advanced Economy,HIGH,external_debt_pct_gni,False,6.711,0.569,structural,1.0,"Trajectory supported by governance data (RVS=0.790, Pillar B=0.663)  classified as structural",clean,N/A,No universe integrity issues detected.,False,0.569
IDN,Indonesia,2024,7.225,7.949,RO,Robust Opportunity,0.424,Moderate Potential,0.2,0.611,0.665,0.627,0.524,0.528,0.536,0.772,0.079,0.0,True,True,High-Growth Emerging Market,HIGH,,False,6.195,1.03,structural,1.0,"Trajectory supported by governance data (RVS=0.665, Pillar B=0.524)  classified as structural",clean,N/A,No universe integrity issues detected.,False,1.03
HRV,HRV,2024,7.218,8.705,RO,Robust Opportunity,0.409,Moderate Potential,0.2,0.542,0.681,0.558,0.599,0.682,0.494,0.856,0.077,0.0,True,True,Advanced Economy,HIGH,external_debt_pct_gni,False,6.597,0.621,structural,1.0,"Trajectory supported by governance data (RVS=0.681, Pillar B=0.599)  classified as structural",clean,N/A,No universe integrity issues detected.,False,0.621
NLD,NLD,2024,7.179,8.685,FO,Fragile Opportunity,0.294,Low Takeoff Signal,0.25,0.52,0.183,0.485,0.775,0.717,0.485,0.854,0.155,0.0,True,True,Advanced Economy,HIGH,external_debt_pct_gni,False,6.17,1.009,structural,1.0,"Trajectory supported by governance data (RVS=0.183, Pillar B=0.775)  classified as structural",clean,N/A,No universe integrity issues detected.,False,1.009
CRI,CRI,2024,7.178,8.609,FO,Fragile Opportunity,0.416,Moderate Potential,0.2,0.575,0.669,0.536,0.666,0.634,0.637,0.846,0.125,0.0,True,True,Advanced Economy,HIGH,external_debt_pct_gni,False,6.562,0.616,structural,1.0,"Trajectory supported by governance data (RVS=0.669, Pillar B=0.666)  classified as structural",market_depth_limited,MEDIUM,(CRI) scores highly on fundamentals but has limited market depth for institutional capital deployment. Score reflects structural quality; investors should apply position size constraints and verify market access before allocation.,True,0.616
DEU,DEU,2024,7.081,7.512,FO,Fragile Opportunity,0.403,Reform Story,0.25,0.426,0.659,0.425,0.668,0.7,0.39,0.724,0.136,0.0,True,True,Advanced Economy,HIGH,external_debt_pct_gni,False,5.858,1.223,stable,1.0,"Advanced Economy with strong governance (Pillar B=0.668) and flat trajectory (Pillar D=0.390)  classified as stable rather than noise. Flat trajectories on excellent fundamentals reflect maintenance of quality, not decline. No discount applied.",clean,N/A,No universe integrity issues detected.,False,1.223
DOM,DOM,2024,7.051,8.053,RO,Robust Opportunity,0.462,Moderate Potential,0.2,0.594,0.918,0.527,0.55,0.621,0.588,0.784,0.093,0.0,True,True,Diversified Emerging Market,HIGH,,False,6.396,0.655,structural,1.0,"Trajectory supported by governance data (RVS=0.918, Pillar B=0.550)  classified as structural",clean,N/A,No universe integrity issues detected.,False,0.655
PHL,Philippines,2024,7.051,7.817,RO,Robust Opportunity,0.444,Moderate Potential,0.2,0.568,0.844,0.512,0.447,0.666,0.54,0.757,0.055,0.0,True,True,High-Growth Emerging Market,HIGH,,False,6.189,0.862,structural,1.0,"Trajectory supported by governance data (RVS=0.844, Pillar B=0.447)  classified as structural",clean,N/A,No universe integrity issues detected.,False,0.862
ESP,ESP,2024,7.023,7.875,RO,Robust Opportunity,0.447,Moderate Potential,0.25,0.605,0.62,0.542,0.582,0.565,0.604,0.764,0.112,0.0,True,True,Advanced Economy,HIGH,external_debt_pct_gni,False,6.235,0.788,structural,1.0,"Trajectory supported by governance data (RVS=0.620, Pillar B=0.582)  classified as structural",clean,N/A,No universe integrity issues detected.,False,0.788
NOR,NOR,2024,6.986,8.366,FO,Fragile Opportunity,0.337,Low Takeoff Signal,0.25,0.49,0.308,0.553,0.789,0.606,0.411,0.818,0.169,0.0,True,True,Advanced Economy,HIGH,external_debt_pct_gni,False,6.132,0.854,stable,1.0,"Advanced Economy with strong governance (Pillar B=0.789) and flat trajectory (Pillar D=0.411)  classified as stable rather than noise. Flat trajectories on excellent fundamentals reflect maintenance of quality, not decline. No discount applied.",clean,N/A,No universe integrity issues detected.,False,0.854
MYS,Malaysia,2024,6.953,7.976,RO,Robust Opportunity,0.397,Low Takeoff Signal,0.2,0.505,0.669,0.489,0.611,0.654,0.49,0.775,0.104,0.0,True,True,Advanced Economy,HIGH,external_debt_pct_gni,False,6.115,0.838,structural,1.0,"Trajectory supported by governance data (RVS=0.669, Pillar B=0.611)  classified as structural",clean,N/A,No universe integrity issues detected.,False,0.838
CYP,CYP,2024,6.912,7.991,RO,Robust Opportunity,0.475,Moderate Potential,0.25,0.762,0.579,0.438,0.593,0.723,0.555,0.777,0.105,0.0,True,True,Advanced Economy,HIGH,external_debt_pct_gni,False,6.404,0.508,structural,1.0,"Trajectory supported by governance data (RVS=0.579, Pillar B=0.593)  classified as structural",clean,N/A,No universe integrity issues detected.,False,0.508
BGR,BGR,2024,6.901,8.067,RO,Robust Opportunity,0.417,Moderate Potential,0.2,0.473,0.848,0.474,0.592,0.711,0.444,0.785,0.09,0.0,True,True,Diversified Emerging Market,HIGH,,False,6.242,0.659,structural,1.0,"Trajectory supported by governance data (RVS=0.848, Pillar B=0.592)  classified as structural",clean,N/A,No universe integrity issues detected.,False,0.659
AUS,AUS,2024,6.899,7.689,FO,Fragile Opportunity,0.367,Low Takeoff Signal,0.25,0.517,0.386,0.558,0.691,0.518,0.466,0.743,0.142,0.0,True,True,Advanced Economy,HIGH,external_debt_pct_gni,False,5.836,1.063,structural,1.0,"Trajectory supported by governance data (RVS=0.386, Pillar B=0.691)  classified as structural",clean,N/A,No universe integrity issues detected.,False,1.063
ISL,ISL,2024,6.863,8.525,RO,Robust Opportunity,0.388,Low Takeoff Signal,0.25,0.537,0.445,0.514,0.667,0.671,0.532,0.836,0.115,0.0,True,True,Advanced Economy,HIGH,external_debt_pct_gni,False,6.413,0.45,structural,1.0,"Trajectory supported by governance data (RVS=0.445, Pillar B=0.667)  classified as structural",clean,N/A,No universe integrity issues detected.,False,0.45
SWE,SWE,2024,6.83,8.159,FO,Fragile Opportunity,0.316,Low Takeoff Signal,0.25,0.476,0.258,0.561,0.771,0.578,0.4,0.795,0.166,0.0,True,True,Advanced Economy,HIGH,external_debt_pct_gni,False,5.934,0.896,stable,1.0,"Advanced Economy with strong governance (Pillar B=0.771) and flat trajectory (Pillar D=0.400)  classified as stable rather than noise. Flat trajectories on excellent fundamentals reflect maintenance of quality, not decline. No discount applied.",clean,N/A,No universe integrity issues detected.,False,0.896
ITA,ITA,2024,6.782,7.249,RO,Robust Opportunity,0.479,Moderate Potential,0.25,0.566,0.842,0.46,0.546,0.605,0.584,0.694,0.111,0.0,True,True,Advanced Economy,HIGH,external_debt_pct_gni,False,5.974,0.808,structural,1.0,"Trajectory supported by governance data (RVS=0.842, Pillar B=0.546)  classified as structural",clean,N/A,No universe integrity issues detected.,False,0.808
THA,Thailand,2024,6.779,6.997,RO,Robust Opportunity,0.5,Moderate Potential,0.35,0.554,0.671,0.48,0.496,0.579,0.573,0.666,0.097,0.0,True,True,High-Growth Emerging Market,HIGH,,False,5.897,0.882,structural,1.0,"Trajectory supported by governance data (RVS=0.671, Pillar B=0.496)  classified as structural",clean,N/A,No universe integrity issues detected.,False,0.882
LVA,LVA,2024,6.764,7.714,FO,Fragile Opportunity,0.42,Moderate Potential,0.2,0.451,0.918,0.441,0.664,0.689,0.422,0.746,0.131,0.0,True,True,Advanced Economy,HIGH,external_debt_pct_gni,False,6.04,0.724,stable,1.0,"Advanced Economy with strong governance (Pillar B=0.664) and flat trajectory (Pillar D=0.422)  classified as stable rather than noise. Flat trajectories on excellent fundamentals reflect maintenance of quality, not decline. No discount applied.",clean,N/A,No universe integrity issues detected.,False,0.724
KHM,KHM,2024,6.709,7.207,RO,Robust Opportunity,0.551,Pre-Breakout Signal,0.35,0.561,0.914,0.582,0.488,0.506,0.534,0.69,0.083,0.0,True,True,High-Growth Emerging Market,HIGH,,False,6.206,0.503,structural,1.0,"Trajectory supported by governance data (RVS=0.914, Pillar B=0.488)  classified as structural",clean,N/A,No universe integrity issues detected.,False,0.503
FIN,FIN,2024,6.707,7.914,FO,Fragile Opportunity,0.351,Low Takeoff Signal,0.25,0.436,0.406,0.521,0.673,0.629,0.38,0.768,0.129,0.0,True,True,Advanced Economy,HIGH,external_debt_pct_gni,False,5.914,0.793,stable,1.0,"Advanced Economy with strong governance (Pillar B=0.673) and flat trajectory (Pillar D=0.380)  classified as stable rather than noise. Flat trajectories on excellent fundamentals reflect maintenance of quality, not decline. No discount applied.",clean,N/A,No universe integrity issues detected.,False,0.793
TUR,Trkiye,2024,6.697,7.982,RO,Robust Opportunity,0.272,Low Takeoff Signal,0.2,0.488,0.196,0.62,0.472,0.592,0.38,0.776,0.04,0.0,True,True,High-Growth Emerging Market,HIGH,,False,5.667,1.03,structural,1.0,"Trajectory supported by governance data (RVS=0.196, Pillar B=0.472)  classified as structural",clean,N/A,No universe integrity issues detected.,False,1.03
AUT,AUT,2024,6.694,7.632,FO,Fragile Opportunity,0.37,Low Takeoff Signal,0.25,0.45,0.466,0.45,0.651,0.664,0.433,0.737,0.127,0.0,True,True,Advanced Economy,HIGH,external_debt_pct_gni,False,5.811,0.883,stable,1.0,"Advanced Economy with strong governance (Pillar B=0.651) and flat trajectory (Pillar D=0.433)  classified as stable rather than noise. Flat trajectories on excellent fundamentals reflect maintenance of quality, not decline. No discount applied.",clean,N/A,No universe integrity issues detected.,False,0.883
GBR,GBR,2024,6.673,7.375,RO,Robust Opportunity,0.325,Low Takeoff Signal,0.25,0.424,0.322,0.459,0.579,0.669,0.38,0.708,0.1,0.0,True,True,Advanced Economy,HIGH,external_debt_pct_gni,False,5.493,1.18,stable,1.0,"Advanced Economy with strong governance (Pillar B=0.579) and flat trajectory (Pillar D=0.380)  classified as stable rather than noise. Flat trajectories on excellent fundamentals reflect maintenance of quality, not decline. No discount applied.",clean,N/A,No universe integrity issues detected.,False,1.18
EST,EST,2024,6.602,7.383,FO,Fragile Opportunity,0.417,Moderate Potential,0.25,0.468,0.663,0.461,0.732,0.611,0.38,0.709,0.166,0.0,True,True,Advanced Economy,HIGH,external_debt_pct_gni,False,5.832,0.77,stable,1.0,"Advanced Economy with strong governance (Pillar B=0.732) and flat trajectory (Pillar D=0.380)  classified as stable rather than noise. Flat trajectories on excellent fundamentals reflect maintenance of quality, not decline. No discount applied.",clean,N/A,No universe integrity issues detected.,False,0.77
BHR,BHR,2024,6.561,7.234,RO,Robust Opportunity,0.5,Moderate Potential,0.25,0.594,0.918,0.565,0.494,0.515,0.578,0.693,0.092,0.0,True,True,Advanced Economy,HIGH,external_debt_pct_gni,False,6.04,0.521,structural,1.0,"Trajectory supported by governance data (RVS=0.918, Pillar B=0.494)  classified as structural",clean,N/A,No universe integrity issues detected.,False,0.521
LKA,Sri Lanka,2024,6.554,7.08,RO,Robust Opportunity,0.494,Moderate Potential,0.45,0.518,0.522,0.568,0.448,0.54,0.43,0.675,0.054,0.0,True,True,Diversified Emerging Market,HIGH,,False,5.928,0.626,structural,1.0,"Trajectory supported by governance data (RVS=0.522, Pillar B=0.448)  classified as structural",clean,N/A,No universe integrity issues detected.,False,0.626
NZL,NZL,2024,6.539,7.936,FO,Fragile Opportunity,0.309,Low Takeoff Signal,0.25,0.419,0.276,0.508,0.656,0.654,0.38,0.771,0.121,0.0,True,True,Advanced Economy,HIGH,external_debt_pct_gni,False,5.773,0.766,stable,1.0,"Advanced Economy with strong governance (Pillar B=0.656) and flat trajectory (Pillar D=0.380)  classified as stable rather than noise. Flat trajectories on excellent fundamentals reflect maintenance of quality, not decline. No discount applied.",clean,N/A,No universe integrity issues detected.,False,0.766
LUX,LUX,2024,6.537,7.996,FO,Fragile Opportunity,0.345,Low Takeoff Signal,0.25,0.279,0.644,0.501,0.8,0.574,0.479,0.777,0.184,0.0,True,True,Advanced Economy,HIGH,external_debt_pct_gni,False,5.939,0.598,structural,1.0,"Trajectory supported by governance data (RVS=0.644, Pillar B=0.800)  classified as structural",clean,N/A,No universe integrity issues detected.,False,0.598
PRT,PRT,2024,6.514,8.024,RO,Robust Opportunity,0.289,Low Takeoff Signal,0.25,0.557,0.159,0.52,0.619,0.604,0.546,0.78,0.113,0.0,True,True,Advanced Economy,HIGH,external_debt_pct_gni,False,5.755,0.759,structural,1.0,"Trajectory supported by governance data (RVS=0.159, Pillar B=0.619)  classified as structural",clean,N/A,No universe integrity issues detected.,False,0.759
RWA,Rwanda,2024,6.499,7.641,RO,Robust Opportunity,0.47,Moderate Potential,0.2,0.621,0.918,0.536,0.466,0.597,0.61,0.738,0.079,0.0,True,True,Diversified Emerging Market,HIGH,,False,6.176,0.323,structural,1.0,"Trajectory supported by governance data (RVS=0.918, Pillar B=0.466)  classified as structural",clean,N/A,No universe integrity issues detected.,False,0.323
BTN,BTN,2024,6.494,6.931,RO,Robust Opportunity,0.652,Pre-Breakout Signal,0.438,0.724,0.918,0.665,0.504,0.399,0.658,0.659,0.116,0.0,True,True,Diversified Emerging Market,HIGH,,False,6.406,0.088,structural,1.0,"Trajectory supported by governance data (RVS=0.918, Pillar B=0.504)  classified as structural",market_depth_limited,MEDIUM,(BTN) scores highly on fundamentals but has limited market depth for institutional capital deployment. Score reflects structural quality; investors should apply position size constraints and verify market access before allocation.,True,0.088
TJK,TJK,2024,6.465,7.586,RO,Robust Opportunity,0.471,Moderate Potential,0.2,0.682,0.833,0.647,0.505,0.471,0.618,0.732,0.094,0.0,True,True,High-Growth Emerging Market,HIGH,,False,6.149,0.316,structural,1.0,"Trajectory supported by governance data (RVS=0.833, Pillar B=0.505)  classified as structural",clean,N/A,No universe integrity issues detected.,False,0.316
SVK,SVK,2024,6.451,7.275,RO,Robust Opportunity,0.418,Moderate Potential,0.25,0.469,0.663,0.439,0.596,0.635,0.496,0.697,0.115,0.0,True,True,Advanced Economy,HIGH,external_debt_pct_gni,False,5.769,0.682,structural,1.0,"Trajectory supported by governance data (RVS=0.663, Pillar B=0.596)  classified as structural",clean,N/A,No universe integrity issues detected.,False,0.682
URY,URY,2024,6.424,7.326,FO,Fragile Opportunity,0.424,Moderate Potential,0.2,0.55,0.755,0.488,0.702,0.543,0.466,0.703,0.154,0.0,True,True,Advanced Economy,HIGH,external_debt_pct_gni,False,5.824,0.6,structural,1.0,"Trajectory supported by governance data (RVS=0.755, Pillar B=0.702)  classified as structural",clean,N/A,No universe integrity issues detected.,False,0.6
IND,India,2024,6.412,6.158,SL,Stable / Low Opportunity,0.453,Moderate Potential,0.2,0.614,0.821,0.584,0.487,0.407,0.568,0.573,0.109,0.0,True,True,High-Growth Emerging Market,HIGH,,False,5.224,1.188,structural,1.0,"Trajectory supported by governance data (RVS=0.821, Pillar B=0.487)  classified as structural",clean,N/A,No universe integrity issues detected.,False,1.188
CAN,CAN,2024,6.391,7.266,RO,Robust Opportunity,0.288,Low Takeoff Signal,0.25,0.441,0.207,0.497,0.603,0.597,0.38,0.696,0.112,0.0,True,True,Advanced Economy,HIGH,external_debt_pct_gni,False,5.296,1.095,stable,1.0,"Advanced Economy with strong governance (Pillar B=0.603) and flat trajectory (Pillar D=0.380)  classified as stable rather than noise. Flat trajectories on excellent fundamentals reflect maintenance of quality, not decline. No discount applied.",clean,N/A,No universe integrity issues detected.,False,1.095
MLT,MLT,2024,6.344,9.239,FO,Fragile Opportunity,0.141,Low Takeoff Signal,0.25,0.24,0.039,0.653,0.675,0.757,0.38,0.915,0.083,0.0,True,True,Advanced Economy,HIGH,external_debt_pct_gni,False,5.951,0.393,stable,1.0,"Advanced Economy with strong governance (Pillar B=0.675) and flat trajectory (Pillar D=0.380)  classified as stable rather than noise. Flat trajectories on excellent fundamentals reflect maintenance of quality, not decline. No discount applied.",clean,N/A,No universe integrity issues detected.,False,0.393
SRB,SRB,2024,6.289,7.375,RO,Robust Opportunity,0.373,Low Takeoff Signal,0.2,0.496,0.554,0.534,0.469,0.586,0.484,0.708,0.064,0.0,True,True,Diversified Emerging Market,HIGH,,False,5.669,0.62,structural,1.0,"Trajectory supported by governance data (RVS=0.554, Pillar B=0.469)  classified as structural",clean,N/A,No universe integrity issues detected.,False,0.62
BEL,BEL,2024,6.266,7.857,FO,Fragile Opportunity,0.204,Low Takeoff Signal,0.25,0.491,0.058,0.519,0.587,0.651,0.38,0.762,0.093,0.0,True,True,Advanced Economy,HIGH,external_debt_pct_gni,False,5.349,0.917,stable,1.0,"Advanced Economy with strong governance (Pillar B=0.587) and flat trajectory (Pillar D=0.380)  classified as stable rather than noise. Flat trajectories on excellent fundamentals reflect maintenance of quality, not decline. No discount applied.",clean,N/A,No universe integrity issues detected.,False,0.917
FRA,FRA,2024,6.265,7.314,FO,Fragile Opportunity,0.227,Low Takeoff Signal,0.25,0.415,0.1,0.474,0.546,0.653,0.38,0.702,0.086,0.0,True,True,Advanced Economy,HIGH,external_debt_pct_gni,False,5.105,1.16,structural,1.0,"Trajectory supported by governance data (RVS=0.100, Pillar B=0.546)  classified as structural",clean,N/A,No universe integrity issues detected.,False,1.16
ALB,ALB,2024,6.253,7.091,RO,Robust Opportunity,0.458,Moderate Potential,0.2,0.578,0.918,0.576,0.533,0.481,0.536,0.677,0.1,0.0,True,True,Diversified Emerging Market,HIGH,,False,5.803,0.45,structural,1.0,"Trajectory supported by governance data (RVS=0.918, Pillar B=0.533)  classified as structural",clean,N/A,No universe integrity issues detected.,False,0.45
MAR,Morocco,2024,6.063,7.056,RO,Robust Opportunity,0.409,Moderate Potential,0.2,0.55,0.667,0.572,0.458,0.519,0.494,0.673,0.068,0.0,True,True,Diversified Emerging Market,HIGH,,False,5.606,0.457,structural,1.0,"Trajectory supported by governance data (RVS=0.667, Pillar B=0.458)  classified as structural",clean,N/A,No universe integrity issues detected.,False,0.457
PAN,PAN,2024,6.06,6.805,RO,Robust Opportunity,0.414,Moderate Potential,0.2,0.577,0.657,0.523,0.532,0.492,0.588,0.645,0.116,0.0,True,True,Diversified Emerging Market,HIGH,external_debt_pct_gni,False,5.474,0.586,structural,1.0,"Trajectory supported by governance data (RVS=0.657, Pillar B=0.532)  classified as structural",clean,N/A,No universe integrity issues detected.,False,0.586
GEO,GEO,2024,6.01,7.603,RO,Robust Opportunity,0.299,Low Takeoff Signal,0.2,0.645,0.195,0.624,0.52,0.492,0.57,0.734,0.091,0.0,True,True,Diversified Emerging Market,HIGH,,False,5.537,0.473,structural,1.0,"Trajectory supported by governance data (RVS=0.195, Pillar B=0.520)  classified as structural",clean,N/A,No universe integrity issues detected.,False,0.473
QAT,QAT,2024,5.943,5.664,SR,Structural Risk,0.526,Moderate Potential,0.25,0.687,0.918,0.554,0.759,0.251,0.693,0.518,0.237,0.0,True,True,Advanced Economy,HIGH,external_debt_pct_gni,False,5.192,0.751,structural,1.0,"Trajectory supported by governance data (RVS=0.918, Pillar B=0.759)  classified as structural",clean,N/A,No universe integrity issues detected.,False,0.751
MNE,MNE,2024,5.907,7.099,RO,Robust Opportunity,0.42,Moderate Potential,0.2,0.543,0.738,0.522,0.445,0.569,0.563,0.678,0.075,0.0,True,True,Diversified Emerging Market,HIGH,,False,5.671,0.236,structural,1.0,"Trajectory supported by governance data (RVS=0.738, Pillar B=0.445)  classified as structural",market_depth_limited,MEDIUM,(MNE) scores highly on fundamentals but has limited market depth for institutional capital deployment. Score reflects structural quality; investors should apply position size constraints and verify market access before allocation.,True,0.236
ARM,ARM,2024,5.899,6.84,RO,Robust Opportunity,0.41,Moderate Potential,0.2,0.678,0.529,0.592,0.482,0.453,0.634,0.649,0.107,0.0,True,True,Diversified Emerging Market,HIGH,,False,5.482,0.417,structural,1.0,"Trajectory supported by governance data (RVS=0.529, Pillar B=0.482)  classified as structural",clean,N/A,No universe integrity issues detected.,False,0.417
BRA,Brazil,2024,5.876,6.021,SL,Stable / Low Opportunity,0.349,Low Takeoff Signal,0.2,0.508,0.433,0.48,0.439,0.513,0.53,0.558,0.089,0.0,True,True,Diversified Emerging Market,HIGH,,False,4.77,1.106,structural,1.0,"Trajectory supported by governance data (RVS=0.433, Pillar B=0.439)  classified as structural",clean,N/A,No universe integrity issues detected.,False,1.106
SAU,SAU,2024,5.871,5.276,SR,Structural Risk,0.496,Moderate Potential,0.25,0.582,0.918,0.588,0.661,0.283,0.479,0.475,0.18,0.0,True,True,Advanced Economy,HIGH,external_debt_pct_gni,False,4.852,1.019,structural,1.0,"Trajectory supported by governance data (RVS=0.918, Pillar B=0.661)  classified as structural",clean,N/A,No universe integrity issues detected.,False,1.019
MUS,MUS,2024,5.822,8.302,FO,Fragile Opportunity,0.167,Low Takeoff Signal,0.2,0.531,0.035,0.498,0.507,0.734,0.484,0.811,0.053,0.0,True,True,Diversified Emerging Market,HIGH,,False,5.482,0.34,structural,1.0,"Trajectory supported by governance data (RVS=0.035, Pillar B=0.507)  classified as structural",clean,N/A,No universe integrity issues detected.,False,0.34
MKD,MKD,2024,5.792,7.081,RO,Robust Opportunity,0.355,Low Takeoff Signal,0.2,0.542,0.421,0.546,0.492,0.527,0.525,0.676,0.086,0.0,True,True,Diversified Emerging Market,HIGH,,False,5.425,0.367,structural,1.0,"Trajectory supported by governance data (RVS=0.421, Pillar B=0.492)  classified as structural",clean,N/A,No universe integrity issues detected.,False,0.367
ISR,ISR,2024,5.789,7.473,FO,Fragile Opportunity,0.148,Low Takeoff Signal,0.25,0.315,0.033,0.457,0.54,0.7,0.38,0.719,0.08,0.0,True,True,Advanced Economy,HIGH,external_debt_pct_gni,False,4.917,0.872,structural,1.0,"Trajectory supported by governance data (RVS=0.033, Pillar B=0.540)  classified as structural",clean,N/A,No universe integrity issues detected.,False,0.872
ARG,Argentina,2024,5.782,5.138,SL,Stable / Low Opportunity,0.524,Reform Story,0.45,0.42,0.808,0.448,0.496,0.462,0.38,0.46,0.104,0.0,True,True,Diversified Emerging Market,HIGH,,False,4.867,0.915,structural,1.0,"Trajectory supported by governance data (RVS=0.808, Pillar B=0.496)  classified as structural",clean,N/A,No universe integrity issues detected.,False,0.915
MEX,Mexico,2024,5.719,6.609,FO,Fragile Opportunity,0.215,Low Takeoff Signal,0.2,0.442,0.102,0.508,0.422,0.578,0.38,0.623,0.047,0.0,True,True,High-Growth Emerging Market,HIGH,,False,4.641,1.078,structural,1.0,"Trajectory supported by governance data (RVS=0.102, Pillar B=0.422)  classified as structural",clean,N/A,No universe integrity issues detected.,False,1.078
CHL,CHL,2024,5.546,6.036,SR,Structural Risk,0.339,Low Takeoff Signal,0.2,0.441,0.46,0.538,0.653,0.411,0.38,0.559,0.155,0.0,True,True,Advanced Economy,HIGH,external_debt_pct_gni,False,4.74,0.806,stable,1.0,"Advanced Economy with strong governance (Pillar B=0.653) and flat trajectory (Pillar D=0.380)  classified as stable rather than noise. Flat trajectories on excellent fundamentals reflect maintenance of quality, not decline. No discount applied.",clean,N/A,No universe integrity issues detected.,False,0.806
PER,Peru,2024,5.502,5.717,SL,Stable / Low Opportunity,0.385,Low Takeoff Signal,0.2,0.492,0.622,0.51,0.518,0.433,0.455,0.524,0.11,0.0,True,True,High-Growth Emerging Market,HIGH,,False,4.716,0.786,structural,1.0,"Trajectory supported by governance data (RVS=0.622, Pillar B=0.518)  classified as structural",clean,N/A,No universe integrity issues detected.,False,0.786
JAM,JAM,2024,5.481,6.211,FO,Fragile Opportunity,0.403,Moderate Potential,0.2,0.509,0.698,0.404,0.539,0.571,0.538,0.579,0.12,0.0,True,True,Diversified Emerging Market,MEDIUM,export_growth; gross_capital_formation,False,5.079,0.402,structural,1.0,"Trajectory supported by governance data (RVS=0.698, Pillar B=0.539)  classified as structural",clean,N/A,No universe integrity issues detected.,False,0.402
HUN,HUN,2024,5.479,6.66,FO,Fragile Opportunity,0.229,Low Takeoff Signal,0.2,0.517,0.104,0.418,0.565,0.644,0.38,0.629,0.106,0.0,True,True,Advanced Economy,HIGH,external_debt_pct_gni,False,4.721,0.758,stable,1.0,"Advanced Economy with strong governance (Pillar B=0.565) and flat trajectory (Pillar D=0.380)  classified as stable rather than noise. Flat trajectories on excellent fundamentals reflect maintenance of quality, not decline. No discount applied.",clean,N/A,No universe integrity issues detected.,False,0.758
KGZ,KGZ,2024,5.471,7.162,RO,Robust Opportunity,0.256,Low Takeoff Signal,0.2,0.72,0.102,0.683,0.34,0.499,0.62,0.685,0.076,0.0,True,True,High-Growth Emerging Market,HIGH,,False,5.118,0.353,structural,1.0,"Trajectory supported by governance data (RVS=0.102, Pillar B=0.340)  classified as structural",clean,N/A,No universe integrity issues detected.,False,0.353
NAM,NAM,2024,5.468,5.213,SR,Structural Risk,0.599,Pre-Breakout Signal,0.45,0.563,0.897,0.521,0.506,0.352,0.618,0.468,0.142,0.0,True,True,Diversified Emerging Market,HIGH,external_debt_pct_gni,False,5.182,0.286,structural,1.0,"Trajectory supported by governance data (RVS=0.897, Pillar B=0.506)  classified as structural",clean,N/A,No universe integrity issues detected.,False,0.286
BIH,BIH,2024,5.455,6.178,RO,Robust Opportunity,0.39,Low Takeoff Signal,0.2,0.504,0.63,0.509,0.491,0.48,0.492,0.575,0.097,0.0,True,True,Diversified Emerging Market,HIGH,,False,5.01,0.445,structural,1.0,"Trajectory supported by governance data (RVS=0.630, Pillar B=0.491)  classified as structural",clean,N/A,No universe integrity issues detected.,False,0.445
BLZ,BLZ,2024,5.387,6.338,FO,Fragile Opportunity,0.443,Moderate Potential,0.2,0.526,0.918,0.457,0.558,0.513,0.519,0.593,0.123,0.0,True,True,Diversified Emerging Market,HIGH,,False,5.298,0.089,structural,1.0,"Trajectory supported by governance data (RVS=0.918, Pillar B=0.558)  classified as structural",clean,N/A,No universe integrity issues detected.,False,0.089
UZB,Uzbekistan,2024,5.38,5.296,SL,Stable / Low Opportunity,0.46,Moderate Potential,0.2,0.584,0.918,0.619,0.467,0.335,0.502,0.477,0.108,0.0,True,True,High-Growth Emerging Market,HIGH,,False,4.733,0.647,structural,1.0,"Trajectory supported by governance data (RVS=0.918, Pillar B=0.467)  classified as structural",clean,N/A,No universe integrity issues detected.,False,0.647
NPL,NPL,2024,5.343,5.038,SR,Structural Risk,0.534,Moderate Potential,0.35,0.538,0.866,0.582,0.55,0.318,0.426,0.449,0.133,0.0,True,True,High-Growth Emerging Market,HIGH,,False,4.845,0.498,structural,1.0,"Trajectory supported by governance data (RVS=0.866, Pillar B=0.550)  classified as structural",clean,N/A,No universe integrity issues detected.,False,0.498
TZA,Tanzania,2024,5.341,4.833,SR,Structural Risk,0.544,Moderate Potential,0.35,0.589,0.831,0.562,0.485,0.309,0.579,0.426,0.135,0.0,True,True,Diversified Emerging Market,HIGH,,False,4.759,0.582,structural,1.0,"Trajectory supported by governance data (RVS=0.831, Pillar B=0.485)  classified as structural",clean,N/A,No universe integrity issues detected.,False,0.582
GMB,GMB,2024,5.286,6.511,RO,Robust Opportunity,0.399,Low Takeoff Signal,0.2,0.545,0.622,0.701,0.435,0.397,0.449,0.612,0.064,0.0,True,True,Diversified Emerging Market,HIGH,,False,5.244,0.042,structural,1.0,"Trajectory supported by governance data (RVS=0.622, Pillar B=0.435)  classified as structural",clean,N/A,No universe integrity issues detected.,False,0.042
GRC,GRC,2024,5.259,6.13,SL,Stable / Low Opportunity,0.264,Low Takeoff Signal,0.2,0.451,0.195,0.462,0.421,0.584,0.381,0.57,0.056,0.0,True,True,Diversified Emerging Market,HIGH,external_debt_pct_gni,False,4.527,0.732,structural,1.0,"Trajectory supported by governance data (RVS=0.195, Pillar B=0.421)  classified as structural",clean,N/A,No universe integrity issues detected.,False,0.732
KAZ,Kazakhstan,2024,5.252,5.022,SR,Structural Risk,0.433,Moderate Potential,0.2,0.57,0.774,0.567,0.537,0.316,0.493,0.447,0.136,0.0,True,True,High-Growth Emerging Market,HIGH,,False,4.472,0.78,structural,1.0,"Trajectory supported by governance data (RVS=0.774, Pillar B=0.537)  classified as structural",clean,N/A,No universe integrity issues detected.,False,0.78
ROU,ROU,2024,5.224,5.819,SL,Stable / Low Opportunity,0.277,Low Takeoff Signal,0.2,0.379,0.282,0.423,0.526,0.553,0.38,0.535,0.103,0.0,True,True,Diversified Emerging Market,HIGH,external_debt_pct_gni,False,4.39,0.834,structural,1.0,"Trajectory supported by governance data (RVS=0.282, Pillar B=0.526)  classified as structural",clean,N/A,No universe integrity issues detected.,False,0.834
CIV,Cte d'Ivoire,2024,5.169,5.245,SL,Stable / Low Opportunity,0.428,Moderate Potential,0.2,0.546,0.785,0.495,0.428,0.426,0.543,0.472,0.101,0.0,True,True,Diversified Emerging Market,HIGH,,False,4.589,0.58,structural,1.0,"Trajectory supported by governance data (RVS=0.785, Pillar B=0.428)  classified as structural",clean,N/A,No universe integrity issues detected.,False,0.58
SLV,SLV,2024,5.14,5.692,SL,Stable / Low Opportunity,0.38,Low Takeoff Signal,0.2,0.443,0.671,0.397,0.404,0.614,0.472,0.521,0.073,0.0,True,True,Diversified Emerging Market,HIGH,,False,4.682,0.458,structural,1.0,"Trajectory supported by governance data (RVS=0.671, Pillar B=0.404)  classified as structural",clean,N/A,No universe integrity issues detected.,False,0.458
GTM,Guatemala,2024,5.113,5.378,SR,Structural Risk,0.376,Low Takeoff Signal,0.2,0.431,0.668,0.342,0.533,0.577,0.492,0.486,0.128,0.0,True,True,High-Growth Emerging Market,HIGH,,False,4.479,0.634,structural,1.0,"Trajectory supported by governance data (RVS=0.668, Pillar B=0.533)  classified as structural",clean,N/A,No universe integrity issues detected.,False,0.634
OMN,OMN,2024,5.109,4.894,SR,Structural Risk,0.461,Moderate Potential,0.2,0.589,0.918,0.539,0.684,0.236,0.615,0.433,0.212,0.0,True,True,Advanced Economy,HIGH,external_debt_pct_gni,False,4.496,0.613,structural,1.0,"Trajectory supported by governance data (RVS=0.918, Pillar B=0.684)  classified as structural",archetype_mismatch,MEDIUM,'Advanced Economy' archetype with very low absorptive capacity (Pillar C=0.236). Likely a commodity-dependent state. Investment depth is significantly lower than archetype implies.,True,0.613
BEN,BEN,2024,5.033,5.444,SL,Stable / Low Opportunity,0.415,Moderate Potential,0.2,0.574,0.666,0.548,0.438,0.397,0.544,0.494,0.102,0.0,True,True,Diversified Emerging Market,HIGH,,False,4.66,0.373,structural,1.0,"Trajectory supported by governance data (RVS=0.666, Pillar B=0.438)  classified as structural",clean,N/A,No universe integrity issues detected.,False,0.373
KEN,Kenya,2024,5.024,4.416,SL,Stable / Low Opportunity,0.506,Moderate Potential,0.35,0.491,0.808,0.441,0.397,0.414,0.487,0.38,0.097,0.0,True,True,Diversified Emerging Market,HIGH,,False,4.372,0.652,structural,1.0,"Trajectory supported by governance data (RVS=0.808, Pillar B=0.397)  classified as structural",clean,N/A,No universe integrity issues detected.,False,0.652
MDA,MDA,2024,4.992,5.33,SL,Stable / Low Opportunity,0.422,Moderate Potential,0.2,0.457,0.918,0.423,0.456,0.513,0.44,0.481,0.092,0.0,True,True,Diversified Emerging Market,HIGH,,False,4.616,0.376,structural,1.0,"Trajectory supported by governance data (RVS=0.918, Pillar B=0.456)  classified as structural",clean,N/A,No universe integrity issues detected.,False,0.376
BGD,Bangladesh,2024,4.912,4.313,SL,Stable / Low Opportunity,0.436,Reform Story,0.35,0.378,0.664,0.447,0.425,0.406,0.38,0.368,0.091,0.0,True,True,Diversified Emerging Market,HIGH,,False,4.056,0.856,structural,1.0,"Trajectory supported by governance data (RVS=0.664, Pillar B=0.425)  classified as structural",clean,N/A,No universe integrity issues detected.,False,0.856
PRY,PRY,2024,4.874,6.124,SL,Stable / Low Opportunity,0.221,Low Takeoff Signal,0.2,0.467,0.104,0.45,0.436,0.579,0.434,0.569,0.069,0.0,True,True,Diversified Emerging Market,HIGH,,False,4.371,0.503,structural,1.0,"Trajectory supported by governance data (RVS=0.104, Pillar B=0.436)  classified as structural",clean,N/A,No universe integrity issues detected.,False,0.503
TTO,TTO,2024,4.87,6.345,FO,Fragile Opportunity,0.206,Low Takeoff Signal,0.45,0.451,0.033,0.442,0.576,0.567,0.38,0.594,0.116,0.0,True,True,High-Growth Emerging Market,MEDIUM,export_growth; external_debt_pct_gni,False,4.45,0.42,structural,1.0,"Trajectory supported by governance data (RVS=0.033, Pillar B=0.576)  classified as structural",clean,N/A,No universe integrity issues detected.,False,0.42
JOR,JOR,2024,4.849,4.888,SL,Stable / Low Opportunity,0.429,Moderate Potential,0.2,0.535,0.805,0.504,0.429,0.386,0.526,0.432,0.106,0.0,True,True,Diversified Emerging Market,HIGH,export_growth,False,4.376,0.473,structural,1.0,"Trajectory supported by governance data (RVS=0.805, Pillar B=0.429)  classified as structural",clean,N/A,No universe integrity issues detected.,False,0.473
GUY,GUY,2024,4.767,4.734,SR,Structural Risk,0.451,Moderate Potential,0.25,0.496,0.8,0.736,0.668,0.18,0.53,0.415,0.198,0.0,True,True,High-Growth Emerging Market,MEDIUM,export_growth; gross_capital_formation,False,4.362,0.405,structural,1.0,"Trajectory supported by governance data (RVS=0.800, Pillar B=0.668)  classified as structural",clean,N/A,No universe integrity issues detected.,False,0.405
SEN,Senegal,2024,4.742,5.563,SL,Stable / Low Opportunity,0.295,Low Takeoff Signal,0.2,0.451,0.284,0.574,0.336,0.458,0.38,0.507,0.035,0.0,True,True,Diversified Emerging Market,HIGH,,False,4.3,0.442,structural,1.0,"Trajectory supported by governance data (RVS=0.284, Pillar B=0.336)  classified as structural",clean,N/A,No universe integrity issues detected.,False,0.442
KWT,KWT,2024,4.693,4.08,SR,Structural Risk,0.462,Moderate Potential,0.25,0.497,0.867,0.367,0.743,0.218,0.56,0.342,0.244,0.0,True,True,Advanced Economy,HIGH,external_debt_pct_gni,False,4.01,0.683,structural,1.0,"Trajectory supported by governance data (RVS=0.867, Pillar B=0.743)  classified as structural",archetype_mismatch,MEDIUM,'Advanced Economy' archetype with very low absorptive capacity (Pillar C=0.218). Likely a commodity-dependent state. Investment depth is significantly lower than archetype implies.,True,0.683
DZA,DZA,2024,4.682,3.952,SR,Structural Risk,0.455,Moderate Potential,0.2,0.63,0.809,0.625,0.496,0.205,0.557,0.328,0.154,0.0,True,True,High-Growth Emerging Market,HIGH,,False,3.908,0.774,structural,1.0,"Trajectory supported by governance data (RVS=0.809, Pillar B=0.496)  classified as structural",clean,N/A,No universe integrity issues detected.,False,0.774
HND,Honduras,2024,4.678,4.953,SL,Stable / Low Opportunity,0.373,Low Takeoff Signal,0.2,0.505,0.542,0.378,0.403,0.529,0.586,0.439,0.105,0.0,True,True,Diversified Emerging Market,HIGH,,False,4.216,0.462,structural,1.0,"Trajectory supported by governance data (RVS=0.542, Pillar B=0.403)  classified as structural",clean,N/A,No universe integrity issues detected.,False,0.462
LAO,LAO,2024,4.643,4.166,SL,Stable / Low Opportunity,0.531,Moderate Potential,0.45,0.472,0.738,0.504,0.402,0.341,0.449,0.352,0.098,0.0,True,True,Diversified Emerging Market,HIGH,,False,4.311,0.332,structural,1.0,"Trajectory supported by governance data (RVS=0.738, Pillar B=0.402)  classified as structural",clean,N/A,No universe integrity issues detected.,False,0.332
GHA,Ghana,2024,4.634,4.397,SR,Structural Risk,0.419,Moderate Potential,0.35,0.38,0.581,0.412,0.553,0.386,0.38,0.377,0.14,0.0,True,True,High-Growth Emerging Market,HIGH,,False,4.048,0.586,structural,1.0,"Trajectory supported by governance data (RVS=0.581, Pillar B=0.553)  classified as structural",clean,N/A,No universe integrity issues detected.,False,0.586
COL,Colombia,2024,4.609,4.736,SL,Stable / Low Opportunity,0.285,Low Takeoff Signal,0.2,0.392,0.296,0.441,0.436,0.454,0.38,0.415,0.088,0.0,True,True,Diversified Emerging Market,HIGH,,False,3.766,0.843,structural,1.0,"Trajectory supported by governance data (RVS=0.296, Pillar B=0.436)  classified as structural",clean,N/A,No universe integrity issues detected.,False,0.843
UKR,Ukraine,2024,4.488,4.528,SL,Stable / Low Opportunity,0.308,Low Takeoff Signal,0.545,0.373,0.127,0.443,0.303,0.498,0.38,0.392,0.043,0.0,True,True,Diversified Emerging Market,HIGH,,False,3.727,0.761,structural,1.0,"Trajectory supported by governance data (RVS=0.127, Pillar B=0.303)  classified as structural",clean,N/A,No universe integrity issues detected.,False,0.761
LSO,LSO,2024,4.42,4.442,SR,Structural Risk,0.51,Moderate Potential,0.45,0.49,0.619,0.388,0.485,0.419,0.488,0.382,0.127,0.0,True,True,Diversified Emerging Market,HIGH,,False,4.402,0.018,structural,1.0,"Trajectory supported by governance data (RVS=0.619, Pillar B=0.485)  classified as structural",clean,N/A,No universe integrity issues detected.,False,0.018
UGA,UGA,2024,4.417,4.383,SL,Stable / Low Opportunity,0.379,Low Takeoff Signal,0.2,0.559,0.508,0.524,0.374,0.346,0.557,0.376,0.103,0.0,True,True,Diversified Emerging Market,HIGH,secondary_school_enrolment,False,3.895,0.522,structural,1.0,"Trajectory supported by governance data (RVS=0.508, Pillar B=0.374)  classified as structural",clean,N/A,No universe integrity issues detected.,False,0.522
SUR,SUR,2024,4.413,3.909,SR,Structural Risk,0.564,Pre-Breakout Signal,0.45,0.621,0.658,0.401,0.423,0.338,0.66,0.323,0.148,0.0,True,True,Diversified Emerging Market,MEDIUM,export_growth; gross_capital_formation,False,4.277,0.136,structural,1.0,"Trajectory supported by governance data (RVS=0.658, Pillar B=0.423)  classified as structural",clean,N/A,No universe integrity issues detected.,False,0.136
UVK,UVK,2024,4.389,5.394,SL,Stable / Low Opportunity,0.489,Moderate Potential,0.45,0.523,0.5,0.49,0.445,0.428,0.589,0.488,0.113,0.0,True,True,Diversified Emerging Market,LOW,gdp_growth; export_growth; net_fdi_pct_gdp; gross_capital_formation; secondary_school_enrolment; external_debt_pct_gni; political_stability; rule_of_law; control_of_corruption; natural_resource_rents_pct_gdp; gdp_per_capita_growth; youth_unemployment; vulnerable_employment; regulatory_quality,False,4.899,-0.51,noise,0.75,Data confidence LOW  trajectory signal unreliable,data_poverty,HIGH,Data confidence LOW  score based on significant imputation. Treat as indicative only; do not distribute without supplementary research.,True,0.255
BWA,BWA,2024,4.388,4.093,SR,Structural Risk,0.461,Moderate Potential,0.35,0.479,0.609,0.433,0.703,0.232,0.47,0.344,0.217,0.0,True,True,Diversified Emerging Market,HIGH,,False,4.016,0.372,structural,1.0,"Trajectory supported by governance data (RVS=0.609, Pillar B=0.703)  classified as structural",clean,N/A,No universe integrity issues detected.,False,0.372
EGY,Egypt,2024,4.358,3.866,SL,Stable / Low Opportunity,0.366,Low Takeoff Signal,0.2,0.352,0.775,0.374,0.337,0.474,0.38,0.318,0.068,0.0,True,True,Diversified Emerging Market,HIGH,,False,3.537,0.821,structural,1.0,"Trajectory supported by governance data (RVS=0.775, Pillar B=0.337)  classified as structural",clean,N/A,No universe integrity issues detected.,False,0.821
MNG,Mongolia,2024,4.282,3.926,SR,Structural Risk,0.457,Moderate Potential,0.2,0.62,0.841,0.655,0.437,0.212,0.582,0.325,0.139,0.0,True,True,Diversified Emerging Market,HIGH,,False,3.902,0.38,structural,1.0,"Trajectory supported by governance data (RVS=0.841, Pillar B=0.437)  classified as structural",clean,N/A,No universe integrity issues detected.,False,0.38
AZE,AZE,2024,4.275,3.694,SR,Structural Risk,0.439,Moderate Potential,0.2,0.512,0.918,0.451,0.604,0.213,0.495,0.299,0.189,0.0,True,True,High-Growth Emerging Market,HIGH,export_growth,False,3.697,0.578,structural,1.0,"Trajectory supported by governance data (RVS=0.918, Pillar B=0.604)  classified as structural",clean,N/A,No universe integrity issues detected.,False,0.578
TGO,TGO,2024,4.249,4.344,SR,Structural Risk,0.414,Moderate Potential,0.2,0.568,0.666,0.469,0.403,0.358,0.603,0.371,0.121,0.0,True,True,Diversified Emerging Market,HIGH,,False,3.995,0.254,structural,1.0,"Trajectory supported by governance data (RVS=0.666, Pillar B=0.403)  classified as structural",clean,N/A,No universe integrity issues detected.,False,0.254
MRT,MRT,2024,4.195,4.582,SL,Stable / Low Opportunity,0.356,Low Takeoff Signal,0.2,0.561,0.412,0.6,0.415,0.298,0.58,0.398,0.117,0.0,True,True,Diversified Emerging Market,HIGH,,False,3.932,0.263,structural,1.0,"Trajectory supported by governance data (RVS=0.412, Pillar B=0.415)  classified as structural",clean,N/A,No universe integrity issues detected.,False,0.263
ZAF,South Africa,2024,4.072,2.641,SR,Structural Risk,0.487,Reform Story,0.45,0.4,0.674,0.395,0.487,0.164,0.38,0.182,0.157,0.0,True,True,Diversified Emerging Market,HIGH,,False,3.24,0.832,structural,1.0,"Trajectory supported by governance data (RVS=0.674, Pillar B=0.487)  classified as structural",clean,N/A,No universe integrity issues detected.,False,0.832
GIN,GIN,2024,3.898,3.734,SL,Stable / Low Opportunity,0.379,Low Takeoff Signal,0.2,0.54,0.529,0.521,0.346,0.304,0.499,0.304,0.096,0.0,True,True,Diversified Emerging Market,HIGH,secondary_school_enrolment,False,3.505,0.393,structural,1.0,"Trajectory supported by governance data (RVS=0.529, Pillar B=0.346)  classified as structural",clean,N/A,No universe integrity issues detected.,False,0.393
NGA,Nigeria,2024,3.884,3.22,SL,Stable / Low Opportunity,0.359,Low Takeoff Signal,0.45,0.375,0.261,0.355,0.407,0.347,0.38,0.247,0.109,0.0,True,True,Diversified Emerging Market,MEDIUM,export_growth; gross_capital_formation,False,3.123,0.761,structural,1.0,"Trajectory supported by governance data (RVS=0.261, Pillar B=0.407)  classified as structural",clean,N/A,No universe integrity issues detected.,False,0.761
MWI,MWI,2024,3.818,3.27,SL,Stable / Low Opportunity,0.466,Reform Story,0.35,0.347,0.918,0.346,0.4,0.37,0.38,0.252,0.105,0.0,True,True,Diversified Emerging Market,HIGH,,False,3.54,0.278,structural,1.0,"Trajectory supported by governance data (RVS=0.918, Pillar B=0.400)  classified as structural",clean,N/A,No universe integrity issues detected.,False,0.278
ZMB,ZMB,2024,3.817,2.406,SR,Structural Risk,0.577,Pre-Breakout Signal,0.45,0.532,0.846,0.448,0.356,0.121,0.616,0.156,0.156,0.0,True,True,Diversified Emerging Market,HIGH,export_growth,False,3.42,0.397,structural,1.0,"Trajectory supported by governance data (RVS=0.846, Pillar B=0.356)  classified as structural",clean,N/A,No universe integrity issues detected.,False,0.397
BLR,BLR,2024,3.816,6.302,FO,Fragile Opportunity,0.159,Low Takeoff Signal,0.2,0.478,0.033,0.542,0.447,0.504,0.38,0.589,0.062,0.0,True,True,High-Growth Emerging Market,HIGH,,False,4.252,-0.436,structural,1.0,"Trajectory supported by governance data (RVS=0.033, Pillar B=0.447)  classified as structural",sanctions_compliance_risk,HIGH,(BLR) is subject to major international sanctions or significant AML/compliance concerns. Score reflects macro fundamentals only and does not account for investability constraints. Mandatory compliance review required.,True,0.564
PNG,PNG,2024,3.776,3.014,SR,Structural Risk,0.452,Moderate Potential,0.2,0.565,0.9,0.394,0.511,0.169,0.571,0.224,0.184,0.0,True,True,Diversified Emerging Market,MEDIUM,export_growth; gross_capital_formation,False,3.335,0.441,structural,1.0,"Trajectory supported by governance data (RVS=0.900, Pillar B=0.511)  classified as structural",clean,N/A,No universe integrity issues detected.,False,0.441
IRQ,IRQ,2024,3.661,2.303,SR,Structural Risk,0.446,Moderate Potential,0.2,0.593,0.817,0.478,0.433,0.059,0.574,0.145,0.178,0.0,True,True,Diversified Emerging Market,HIGH,secondary_school_enrolment,False,2.889,0.772,structural,1.0,"Trajectory supported by governance data (RVS=0.817, Pillar B=0.433)  classified as structural",clean,N/A,No universe integrity issues detected.,False,0.772
ZWE,ZWE,2024,3.646,2.583,SL,Stable / Low Opportunity,0.478,Reform Story,0.45,0.377,0.677,0.355,0.344,0.258,0.38,0.176,0.105,0.0,True,True,Diversified Emerging Market,HIGH,secondary_school_enrolment,False,3.171,0.475,structural,1.0,"Trajectory supported by governance data (RVS=0.677, Pillar B=0.344)  classified as structural",clean,N/A,No universe integrity issues detected.,False,0.475
NIC,NIC,2024,3.62,4.678,SL,Stable / Low Opportunity,0.149,Low Takeoff Signal,0.2,0.399,0.033,0.441,0.435,0.445,0.389,0.409,0.09,0.0,True,True,High-Growth Emerging Market,HIGH,,False,3.242,0.378,structural,1.0,"Trajectory supported by governance data (RVS=0.033, Pillar B=0.435)  classified as structural",clean,N/A,No universe integrity issues detected.,False,0.378
BDI,BDI,2024,3.611,2.783,SL,Stable / Low Opportunity,0.549,Moderate Potential,0.45,0.535,0.713,0.461,0.311,0.225,0.536,0.198,0.115,0.0,True,True,Diversified Emerging Market,MEDIUM,export_growth; gross_capital_formation,False,3.546,0.065,structural,1.0,"Trajectory supported by governance data (RVS=0.713, Pillar B=0.311)  classified as structural",clean,N/A,No universe integrity issues detected.,False,0.065
MDG,MDG,2024,3.546,3.232,SR,Structural Risk,0.381,Low Takeoff Signal,0.2,0.464,0.642,0.393,0.414,0.284,0.489,0.248,0.13,0.0,True,True,Diversified Emerging Market,HIGH,,False,3.21,0.336,structural,1.0,"Trajectory supported by governance data (RVS=0.642, Pillar B=0.414)  classified as structural",clean,N/A,No universe integrity issues detected.,False,0.336
CMR,CMR,2024,3.459,2.994,SL,Stable / Low Opportunity,0.346,Low Takeoff Signal,0.2,0.372,0.602,0.332,0.384,0.341,0.38,0.222,0.106,0.0,True,True,Diversified Emerging Market,HIGH,,False,2.941,0.518,structural,1.0,"Trajectory supported by governance data (RVS=0.602, Pillar B=0.384)  classified as structural",clean,N/A,No universe integrity issues detected.,False,0.518
ETH,Ethiopia,2024,3.344,3.583,SL,Stable / Low Opportunity,0.17,Low Takeoff Signal,0.2,0.466,0.044,0.455,0.433,0.298,0.418,0.287,0.117,0.0,True,True,Diversified Emerging Market,HIGH,,False,2.663,0.681,structural,1.0,"Trajectory supported by governance data (RVS=0.044, Pillar B=0.433)  classified as structural",clean,N/A,No universe integrity issues detected.,False,0.681
BOL,BOL,2024,3.295,2.439,SL,Stable / Low Opportunity,0.39,Low Takeoff Signal,0.35,0.349,0.501,0.325,0.348,0.242,0.38,0.16,0.111,0.0,True,True,Diversified Emerging Market,HIGH,,False,2.766,0.529,structural,1.0,"Trajectory supported by governance data (RVS=0.501, Pillar B=0.348)  classified as structural",clean,N/A,No universe integrity issues detected.,False,0.529
SLE,SLE,2024,3.258,3.569,SL,Stable / Low Opportunity,0.282,Low Takeoff Signal,0.45,0.427,0.1,0.567,0.451,0.238,0.38,0.285,0.117,0.0,True,True,Diversified Emerging Market,HIGH,,False,3.055,0.203,structural,1.0,"Trajectory supported by governance data (RVS=0.100, Pillar B=0.451)  classified as structural",clean,N/A,No universe integrity issues detected.,False,0.203
COD,COD,2024,3.225,2.253,SR,Structural Risk,0.393,Low Takeoff Signal,0.2,0.508,0.638,0.504,0.393,0.075,0.517,0.139,0.156,0.0,True,True,Diversified Emerging Market,HIGH,,False,2.665,0.56,structural,1.0,"Trajectory supported by governance data (RVS=0.638, Pillar B=0.393)  classified as structural",clean,N/A,No universe integrity issues detected.,False,0.56
SOM,SOM,2024,3.218,2.611,SR,Structural Risk,0.408,Moderate Potential,0.2,0.545,0.669,0.532,0.312,0.166,0.56,0.179,0.125,0.0,True,True,Diversified Emerging Market,HIGH,government_debt_pct_gdp,False,2.936,0.282,structural,1.0,"Trajectory supported by governance data (RVS=0.669, Pillar B=0.312)  classified as structural",clean,N/A,No universe integrity issues detected.,False,0.282
PAK,Pakistan,2024,3.205,3.086,SL,Stable / Low Opportunity,0.177,Low Takeoff Signal,0.45,0.29,0.033,0.302,0.363,0.411,0.38,0.232,0.098,0.0,True,True,Diversified Emerging Market,HIGH,,False,2.389,0.816,structural,1.0,"Trajectory supported by governance data (RVS=0.033, Pillar B=0.363)  classified as structural",clean,N/A,No universe integrity issues detected.,False,0.816
ECU,ECU,2024,3.155,3.45,SR,Structural Risk,0.146,Low Takeoff Signal,0.2,0.376,0.033,0.367,0.457,0.345,0.38,0.272,0.123,0.0,True,True,Diversified Emerging Market,HIGH,,False,2.495,0.66,structural,1.0,"Trajectory supported by governance data (RVS=0.033, Pillar B=0.457)  classified as structural",clean,N/A,No universe integrity issues detected.,False,0.66
NER,NER,2024,3.136,3.88,SL,Stable / Low Opportunity,0.151,Low Takeoff Signal,0.2,0.414,0.033,0.52,0.398,0.316,0.38,0.32,0.09,0.0,True,True,Diversified Emerging Market,HIGH,,False,2.771,0.365,structural,1.0,"Trajectory supported by governance data (RVS=0.033, Pillar B=0.398)  classified as structural",clean,N/A,No universe integrity issues detected.,False,0.365
YEM,YEM,2024,3.12,2.16,SR,Structural Risk,0.427,Moderate Potential,0.45,0.472,0.358,0.346,0.251,0.19,0.535,0.129,0.121,0.0,True,True,Diversified Emerging Market,HIGH,,False,2.735,0.385,structural,1.0,"Trajectory supported by governance data (RVS=0.358, Pillar B=0.251)  classified as structural",clean,N/A,No universe integrity issues detected.,False,0.385
LBR,LBR,2024,3.113,2.787,SR,Structural Risk,0.389,Low Takeoff Signal,0.2,0.514,0.614,0.471,0.362,0.183,0.587,0.199,0.142,0.0,True,True,Diversified Emerging Market,MEDIUM,export_growth; gross_capital_formation,False,2.974,0.139,structural,1.0,"Trajectory supported by governance data (RVS=0.614, Pillar B=0.362)  classified as structural",clean,N/A,No universe integrity issues detected.,False,0.139
DJI,DJI,2024,3.045,2.586,SR,Structural Risk,0.412,Moderate Potential,0.2,0.526,0.718,0.426,0.472,0.106,0.555,0.176,0.18,0.0,True,True,Diversified Emerging Market,HIGH,secondary_school_enrolment,False,2.934,0.111,structural,1.0,"Trajectory supported by governance data (RVS=0.718, Pillar B=0.472)  classified as structural",clean,N/A,No universe integrity issues detected.,False,0.111
AGO,AGO,2024,2.942,2.351,SR,Structural Risk,0.282,Low Takeoff Signal,0.45,0.532,0.078,0.323,0.415,0.112,0.585,0.15,0.173,0.0,True,True,Diversified Emerging Market,HIGH,,False,2.326,0.616,structural,1.0,"Trajectory supported by governance data (RVS=0.078, Pillar B=0.415)  classified as structural",clean,N/A,No universe integrity issues detected.,False,0.616
SSD,SSD,2024,2.892,1.96,SR,Structural Risk,0.422,Moderate Potential,0.45,0.314,0.552,0.279,0.378,0.077,0.38,0.107,0.14,0.0,True,True,Diversified Emerging Market,HIGH,external_debt_pct_gni,False,2.594,0.298,structural,1.0,"Trajectory supported by governance data (RVS=0.552, Pillar B=0.378)  classified as structural",clean,N/A,No universe integrity issues detected.,False,0.298
GNB,GNB,2024,2.76,2.402,SL,Stable / Low Opportunity,0.388,Low Takeoff Signal,0.35,0.374,0.456,0.364,0.28,0.252,0.38,0.156,0.087,0.0,True,True,Diversified Emerging Market,HIGH,secondary_school_enrolment,False,2.737,0.023,structural,1.0,"Trajectory supported by governance data (RVS=0.456, Pillar B=0.280)  classified as structural",clean,N/A,No universe integrity issues detected.,False,0.023
TCD,TCD,2024,2.743,2.592,SR,Structural Risk,0.261,Low Takeoff Signal,0.2,0.52,0.16,0.464,0.41,0.132,0.553,0.177,0.158,0.0,True,True,Diversified Emerging Market,HIGH,,False,2.396,0.347,structural,1.0,"Trajectory supported by governance data (RVS=0.160, Pillar B=0.410)  classified as structural",clean,N/A,No universe integrity issues detected.,False,0.347
SWZ,SWZ,2024,2.715,2.859,SR,Structural Risk,0.263,Low Takeoff Signal,0.35,0.416,0.11,0.418,0.49,0.192,0.385,0.207,0.152,0.0,True,True,Diversified Emerging Market,HIGH,,False,2.561,0.154,structural,1.0,"Trajectory supported by governance data (RVS=0.110, Pillar B=0.490)  classified as structural",clean,N/A,No universe integrity issues detected.,False,0.154
TUN,Tunisia,2024,2.702,3.045,SL,Stable / Low Opportunity,0.144,Low Takeoff Signal,0.2,0.36,0.033,0.36,0.388,0.322,0.38,0.227,0.106,0.0,True,True,Diversified Emerging Market,HIGH,,False,2.244,0.458,structural,1.0,"Trajectory supported by governance data (RVS=0.033, Pillar B=0.388)  classified as structural",clean,N/A,No universe integrity issues detected.,False,0.458
MLI,MLI,2024,2.51,2.559,SR,Structural Risk,0.185,Low Takeoff Signal,0.35,0.427,0.033,0.372,0.362,0.216,0.435,0.173,0.12,0.0,True,True,Diversified Emerging Market,HIGH,,False,2.103,0.407,structural,1.0,"Trajectory supported by governance data (RVS=0.033, Pillar B=0.362)  classified as structural",clean,N/A,No universe integrity issues detected.,False,0.407
GAB,GAB,2024,2.44,2.73,SR,Structural Risk,0.148,Low Takeoff Signal,0.2,0.392,0.033,0.406,0.453,0.194,0.38,0.192,0.14,0.0,True,True,Diversified Emerging Market,HIGH,,False,2.07,0.37,structural,1.0,"Trajectory supported by governance data (RVS=0.033, Pillar B=0.453)  classified as structural",clean,N/A,No universe integrity issues detected.,False,0.37
BFA,BFA,2024,2.42,2.505,SL,Stable / Low Opportunity,0.174,Low Takeoff Signal,0.35,0.357,0.033,0.373,0.382,0.205,0.38,0.167,0.12,0.0,True,True,Diversified Emerging Market,HIGH,,False,2.03,0.39,structural,1.0,"Trajectory supported by governance data (RVS=0.033, Pillar B=0.382)  classified as structural",clean,N/A,No universe integrity issues detected.,False,0.39
SYR,SYR,2024,2.385,2.201,SL,Stable / Low Opportunity,0.419,Moderate Potential,0.232,0.475,0.725,0.455,0.245,0.158,0.531,0.133,0.118,0.0,True,True,Diversified Emerging Market,LOW,net_fdi_pct_gdp; gross_capital_formation; cpi_inflation; government_debt_pct_gdp; current_account_pct_gdp,False,2.73,-0.345,noise,0.75,Data confidence LOW  trajectory signal unreliable,data_poverty,HIGH,Data confidence LOW  score based on significant imputation. Treat as indicative only; do not distribute without supplementary research.,True,0.394
AFG,AFG,2024,2.326,2.234,SR,Structural Risk,0.204,Low Takeoff Signal,0.521,0.379,0.033,0.281,0.346,0.207,0.397,0.137,0.12,0.0,True,True,Diversified Emerging Market,HIGH,,False,1.977,0.349,structural,1.0,"Trajectory supported by governance data (RVS=0.033, Pillar B=0.346)  classified as structural",clean,N/A,No universe integrity issues detected.,False,0.349
MOZ,Mozambique,2024,2.21,1.881,SL,Stable / Low Opportunity,0.22,Low Takeoff Signal,0.2,0.331,0.151,0.342,0.165,0.191,0.411,0.098,0.085,0.0,True,True,Diversified Emerging Market,HIGH,,False,1.819,0.391,structural,1.0,"Trajectory supported by governance data (RVS=0.151, Pillar B=0.165)  classified as structural",clean,N/A,No universe integrity issues detected.,False,0.391
IRN,IRN,2024,2.206,2.759,SR,Structural Risk,0.22,Low Takeoff Signal,0.45,0.538,0.033,0.587,0.458,0.131,0.406,0.196,0.144,0.0,True,True,High-Growth Emerging Market,HIGH,,False,2.346,-0.14,structural,1.0,"Trajectory supported by governance data (RVS=0.033, Pillar B=0.458)  classified as structural",sanctions_compliance_risk,HIGH,(IRN) is subject to major international sanctions or significant AML/compliance concerns. Score reflects macro fundamentals only and does not account for investability constraints. Mandatory compliance review required.,True,0.86
RUS,RUS,2024,2.17,4.406,SL,Stable / Low Opportunity,0.148,Low Takeoff Signal,0.2,0.39,0.033,0.494,0.499,0.345,0.38,0.379,0.119,0.0,True,True,High-Growth Emerging Market,HIGH,,False,3.075,-0.905,structural,1.0,"Trajectory supported by governance data (RVS=0.033, Pillar B=0.499)  classified as structural",sanctions_compliance_risk,HIGH,(RUS) is subject to major international sanctions or significant AML/compliance concerns. Score reflects macro fundamentals only and does not account for investability constraints. Mandatory compliance review required.,True,1.101
CAF,CAF,2024,2.122,2.229,SL,Stable / Low Opportunity,0.229,Low Takeoff Signal,0.35,0.382,0.076,0.365,0.3,0.192,0.38,0.137,0.101,0.0,True,True,Diversified Emerging Market,HIGH,,False,2.06,0.062,structural,1.0,"Trajectory supported by governance data (RVS=0.076, Pillar B=0.300)  classified as structural",clean,N/A,No universe integrity issues detected.,False,0.062
SDN,SDN,2024,2.009,1.672,SL,Stable / Low Opportunity,0.168,Low Takeoff Signal,0.45,0.25,0.033,0.126,0.239,0.105,0.38,0.075,0.109,0.0,True,True,Diversified Emerging Market,HIGH,,False,1.508,0.501,structural,1.0,"Trajectory supported by governance data (RVS=0.033, Pillar B=0.239)  classified as structural",clean,N/A,No universe integrity issues detected.,False,0.501
TKM,TKM,2024,1.975,5.583,SR,Structural Risk,0.471,Moderate Potential,0.2,0.624,0.918,0.619,0.568,0.31,0.556,0.509,0.148,0.0,True,True,High-Growth Emerging Market,MEDIUM,export_growth; gross_capital_formation,False,4.944,-2.969,structural,1.0,"Trajectory supported by governance data (RVS=0.918, Pillar B=0.568)  classified as structural",market_access_restricted,HIGH,Authoritarian/closed economy (TKM)  structurally non-investable for institutional capital. Market access is legally or practically restricted. Score should not be distributed to clients without explicit non-investable designation.,True,0.49
LBN,LBN,2024,1.952,2.032,SL,Stable / Low Opportunity,0.132,Low Takeoff Signal,0.057,0.395,0.098,0.257,0.133,0.379,0.441,0.115,0.086,0.0,True,True,Diversified Emerging Market,HIGH,,False,1.595,0.357,structural,1.0,"Trajectory supported by governance data (RVS=0.098, Pillar B=0.133)  classified as structural",clean,N/A,No universe integrity issues detected.,False,0.357
HTI,HTI,2024,1.939,2.067,SR,Structural Risk,0.123,Low Takeoff Signal,0.2,0.234,0.033,0.171,0.447,0.111,0.38,0.118,0.16,0.0,True,True,Diversified Emerging Market,HIGH,secondary_school_enrolment,False,1.585,0.354,structural,1.0,"Trajectory supported by governance data (RVS=0.033, Pillar B=0.447)  classified as structural",clean,N/A,No universe integrity issues detected.,False,0.354
VEN,VEN,2024,1.8,2.781,SL,Stable / Low Opportunity,0.63,Pre-Breakout Signal,0.45,0.638,0.918,0.483,0.213,0.273,0.61,0.198,0.117,0.0,True,True,Diversified Emerging Market,HIGH,external_debt_pct_gni; natural_resource_rents_pct_gdp,False,3.836,-2.036,structural,1.0,"Trajectory supported by governance data (RVS=0.918, Pillar B=0.213)  classified as structural",narrative_inconsistency,HIGH,Economic collapse state (VEN) flagged with 'Pre-Breakout Signal'  TOS signal driven by statistical undiscovery on a collapsed economic base. Pre-breakout label is not investable without structural recovery.,True,0.658
LBY,LBY,2024,1.737,2.048,SR,Structural Risk,0.476,Moderate Potential,0.45,0.454,0.536,0.337,0.415,0.017,0.571,0.116,0.184,0.0,True,True,Diversified Emerging Market,MEDIUM,secondary_school_enrolment; government_debt_pct_gdp; external_debt_pct_gni,False,2.841,-1.104,structural,1.0,"Trajectory supported by governance data (RVS=0.536, Pillar B=0.415)  classified as structural",narrative_inconsistency,MEDIUM,Critically low absorptive capacity (Pillar C=0.017)  investment absorption structurally impossible at scale. 'Moderate Potential' overstates investability. Disclosure required.,True,0.507
MMR,MMR,2024,1.579,2.91,SL,Stable / Low Opportunity,0.195,Low Takeoff Signal,0.45,0.385,0.033,0.471,0.366,0.237,0.38,0.212,0.104,0.0,True,True,Diversified Emerging Market,MEDIUM,export_growth; gross_capital_formation,False,2.349,-0.77,structural,1.0,"Trajectory supported by governance data (RVS=0.033, Pillar B=0.366)  classified as structural",sanctions_compliance_risk,HIGH,(MMR) is subject to major international sanctions or significant AML/compliance concerns. Score reflects macro fundamentals only and does not account for investability constraints. Mandatory compliance review required.,True,0.579
COG,COG,2024,1.538,2.057,SR,Structural Risk,0.444,Moderate Potential,0.2,0.54,0.898,0.436,0.383,0.043,0.525,0.117,0.164,0.0,True,True,Diversified Emerging Market,HIGH,secondary_school_enrolment,False,2.734,-1.196,structural,1.0,"Trajectory supported by governance data (RVS=0.898, Pillar B=0.383)  classified as structural",narrative_inconsistency,MEDIUM,Critically low absorptive capacity (Pillar C=0.043)  investment absorption structurally impossible at scale. 'Moderate Potential' overstates investability. Disclosure required.,True,0.333
TLS,TLS,2024,1.31,2.471,SR,Structural Risk,0.57,Pre-Breakout Signal,0.545,0.415,0.869,0.37,0.537,0.072,0.493,0.164,0.196,0.0,True,True,Diversified Emerging Market,HIGH,,False,3.435,-2.125,structural,1.0,"Trajectory supported by governance data (RVS=0.869, Pillar B=0.537)  classified as structural",narrative_inconsistency,HIGH,Near-zero absorptive capacity (Pillar C=0.072) with 'Pre-Breakout Signal'  economy cannot absorb investment flows at scale. Pre-breakout label is structurally unsupported. Requires analyst review.,True,0.0
ERI,ERI,2024,1.293,2.111,SL,Stable / Low Opportunity,0.207,Low Takeoff Signal,0.45,0.297,0.055,0.322,0.288,0.188,0.38,0.123,0.102,0.0,True,True,Diversified Emerging Market,LOW,gdp_growth; export_growth; net_fdi_pct_gdp; gross_capital_formation; external_debt_pct_gni; natural_resource_rents_pct_gdp; gdp_per_capita_growth,False,1.913,-0.62,noise,0.75,Data confidence LOW  trajectory signal unreliable,data_poverty,HIGH,Data confidence LOW  score based on significant imputation. Treat as indicative only; do not distribute without supplementary research.,True,0.051
